Id,Label,Text,Sentiment,Pred
5.1388e+17,Positive,"@Kerahbeliebs Do me a favor and please rt or fave the tweet inside the link, THANK YOU LOL😊💕 https://t.co/SCWj7dVIYT",1.278,Neutral
5.13163e+17,Neutral,@mightyespinosa lmao okay ☺️☺️☺️👍👍 keep me updated next time you go .. I want to see how it goes 😊😊😊😊😊😊😊,2.979,Positive
5.14839e+17,Neutral,@cohorted I'm still a new blogger but would love any feedback &gt;&gt; http://t.co/MK931HmxLo 💃 #BBloggers #fbloggers #lbloggers,0.736,Positive
5.14154e+17,Neutral,someone come study for biology with me😂,0.221,Positive
5.14265e+17,Neutral,RT @SoDamnTrue: I want these so bad 😻🙀 http://t.co/YiPuCUw3d8,0.9650000000000001,Positive
5.11674e+17,Neutral,"growing up, every girl had wet dreams about lil fizz 😍💦",1.154,Positive
5.12004e+17,Neutral,@NokiaPilipinas here my answers  #AppsX2  #love ❤️ to win this 📱 #NokiaX2 po pls...  🙏 🙏 🙏 http://t.co/qhcu5nRZpf,1.581,Positive
5.118e+17,Negative,RT @CharlesWells89: Working in a school in Wansted in my own world then I went through the wrong door into a whole school assembly😳 young g…,0.018,Neutral
5.12266e+17,Positive,@SherryTkh_ hello miss u too see u soon okai💕 g n die pls,0.633,Neutral
5.14365e+17,Positive,@L__gaga__ omg yes 👌,0.564,Negative
5.12329e+17,Neutral,@_tombolton she was my science teacher in like year 8 and I was scared shitless of her😂,0.221,Negative
5.12112e+17,Neutral,RT @tayybayybeey: #BestFriendAppreciationTweet love these little shits 💖 http://t.co/QgRHjtmfVi,0.713,Positive
5.13518e+17,Neutral,RT @fIirtation: Muscular backs&gt;&gt;😍 http://t.co/AvFHprVx8R,0.678,Positive
5.13969e+17,Neutral,"@MelhemBoustani he's not, his lyrics are 😏",0.332,Negative
5.12484e+17,Neutral,"Hungloe Boys Aka First 48 Squad Cuzzo Mac, Bro Shad, And Me Myself Lol Thats A TBT Not Really Cause We Still That 😭😭😭",-0.279,Negative
5.14905e+17,Neutral,RT @mooosey123: You're an utter shit but one full of surprises and loveliness👌👌💩,1.0099999999999998,Positive
5.13762e+17,Negative,"please boris ? 😭

ILYSM 🙊💘

#BorisTo200K 

@BorisLaursen
 x79",1.057,Neutral
5.12824e+17,Positive,"You know what would be nice right now? _______. 😶❓
You know.. 😏 
🍁➡️🔥➡️😙💨➡️😄😏",2.827,Neutral
5.12821e+17,Negative,@lailonetaylor my life depended on it😌. My eyes forever closed,0.484,Positive
5.13047e+17,Neutral,"🍕🍕🍕🍕🍕

@Michael5SOS

Follow me

I'll give you free pizza

I love you😘

🍕🍕🍕🍕🍕
345",3.222,Positive
5.14948e+17,Neutral,@Harry_Styles you are so perfect it hurts😭😭,-0.186,Negative
5.11965e+17,Negative,She better go on 😂😂,0.442,Positive
5.13813e+17,Neutral,RT @MikaylaJoBaxley: And then Tupp nailed Brittany in the head 😂,0.221,Positive
5.11421e+17,Negative,Fuuuck It 💁,0.328,Neutral
5.12324e+17,Positive,RT @Harvey: Rt For A Slide Into Your Dms 😉🙈,0.897,Neutral
5.13078e+17,Neutral,@_Housepride since I was born Kj duh 💁,0.328,Positive
5.15141e+17,Positive,I wanna trace the universe on your palm🌌🌃,0.964,Neutral
5.14207e+17,Neutral,@paige51699 @chelseakate98 oh okay good ahahh😂😂,0.442,Positive
5.12608e+17,Neutral,💓good god💓 http://t.co/nIQsygQxDz,1.344,Positive
5.13369e+17,Negative,round 2 tonighttttt😍👅💦🍻,2.1430000000000002,Positive
5.14835e+17,Neutral,@ParkerHall_66 @BGeames I really just want to point out that I also have on Chacos and will probably wear them in the snow this year. 😉,0.464,Positive
5.13465e+17,Neutral,“@Bad_Bentley: http://t.co/97EcTBoqjz get my personal videos.... 💙 http://t.co/LehwCZirLg”,0.732,Positive
5.12645e+17,Neutral,"RT @BetsyDevine: There's other fish in the sea so take a swim. 🐠🐟 

You tryin to work it out.. save that for the gym. 👊

@thegame 👏👏👏",2.9779999999999998,Positive
5.1278e+17,Neutral,@OhGoshMyracle_ 😂so go delete it,0.221,Positive
5.14163e+17,Positive,Damnnn😂😨,0.08000000000000002,Negative
5.13214e+17,Neutral,@sami_grace OMG haha that was great! Thank you for that! 😂,0.221,Positive
5.14652e+17,Negative,"ion like when people who're taken comment ""😍😍😍"" or ask for my kik like df stop",2.0340000000000003,Neutral
5.14511e+17,Neutral,please hurry 🐬☀️🍹✈️💆 http://t.co/eFkd9oO3C5,1.36,Positive
5.13961e+17,Neutral,"@wallypodj @juliaespino_ YOU LAUGHED AT YOURSELF HARDER THAN WE DID, DUDE 😂",0.221,Positive
5.11647e+17,Neutral,Literally been working on it for an hour 😂,0.221,Positive
5.14487e+17,Neutral,Sike the only bad bitch in my chevy is me 😂😘😍,1.601,Positive
5.1184e+17,Neutral,"Hey, @KISSFMPhoenix  Check out: @HeffronDrive #HappyMistakes #HDNicotine http://t.co/Mz7c8MHnt2  http://t.co/wkGj1YzF72 👍",0.522,Positive
5.12129e+17,Positive,Let a nigga try me 😴👌,0.48299999999999993,Negative
5.14135e+17,Neutral,@Maaaarissav It's way before Meredith is pregnant 😒😒,-0.75,Negative
5.14057e+17,Negative,Np: RUDE💗 NO STILL MEANS NO ! 😉😉,1.587,Positive
5.12849e+17,Positive,@sonaeus thankyou yeay. follback?😋,0.634,Neutral
5.15001e+17,Positive,"👌 ""Make more moves, less announcements""",0.564,Negative
5.1425e+17,Positive,@_Tina_Nguyen 💁 thats right,0.328,Neutral
5.12971e+17,Positive,Got a 90 on tht trig test 😏,0.332,Negative
5.12998e+17,Negative,. @sukaul @FareedZakaria more like Fareed n others doesn't have a choice. Wolf packs sense the top dog and follow him 😆😆😆😆😆,1.236,Positive
5.12773e+17,Positive,RT @BestHairstyIes: This hair please 😌 http://t.co/u5076sqbRt,0.484,Neutral
5.13668e+17,Neutral,@katieeeeeeeG who's this about😳,0.018,Negative
5.11988e+17,Neutral,shit dont feel the same man 😏,0.332,Negative
5.13792e+17,Positive,Tell me how you want it😯 I'm on it😏😏,0.793,Neutral
5.14979e+17,Negative,@JuicyJalyn she look like she Bailey sister 🙈😂,0.654,Positive
5.1162e+17,Neutral,RT @z_slave123: This winter I will have no life other than work and school 💰,0.256,Positive
5.13073e+17,Negative,@SEBTSB ew omh😂😂,0.442,Neutral
5.13024e+17,Positive,I think I'll flaunt these piercings tonight ............. 👀,0.063,Negative
5.12245e+17,Positive,@Marvin_Scholz 😳 that sounds even better! Are you not a trainer at the university anymore,0.018,Negative
5.11705e+17,Neutral,"@jasonhorner Hang on, I’ll upload my SSN card and birth certificate 😜",0.456,Positive
5.12825e+17,Positive,Yall can have these bum niggas back 😘,0.702,Negative
5.12818e+17,Positive,RT @casey_owens21: Proud Pirate alum! 💀☝️ way to take care of business!,-0.208,Negative
5.1378e+17,Negative,@BeckiePowell I've literally just been crying over the exact same! Reminded me of grandad &amp; how cute he is😅💞,0.9219999999999999,Positive
5.13711e+17,Neutral,I jarie waiting for you 😔,-0.146,Negative
5.13523e+17,Positive,"Hearts in my cup of coffee #Love #Blake #Latte #Chocolate ★🍵 💚 @ Blake, Puerto Madero http://t.co/Dwa45Ddvq8",1.08,Neutral
5.13495e+17,Positive,@DevinJohnson033 @Lillbitofheaven ily dev 💕,0.633,Neutral
5.11886e+17,Neutral,@ImSitiNurAtikah ahah takpe la. You guys go ahead :-) Tomorrow i want go normal timing😂 malas nak bangun cepat,0.221,Positive
5.1445e+17,Neutral,@BigRome 🚨 New Music Alert 🚨 Must hear  @tyree23p &amp; @tah_215 - Hot Nigga Freestyle 🔥 straight #barz #support https://t.co/pePY8ZaEGf,1.4860000000000002,Positive
5.1315e+17,Positive,To odiando lol 😡😡😡😡😡,-0.5189999999999999,Negative
5.11643e+17,Neutral,"HEY BABY!!😍😍
@camilacabello97 
PLEASE FOLLOW ME ! 😭😭😭
I LOVE YOU 😍 😍😭 6X",2.3400000000000003,Positive
5.13668e+17,Negative,Still recovering from Beyoncé last night😍😘 #beyhangover,1.38,Positive
5.1417e+17,Neutral,“@LifeofaPrincess: I WOULD DIE OF HAPPINESS 😭😍 http://t.co/brskPMUU4M”👏👏,0.5850000000000001,Positive
5.12633e+17,Positive,"┊　┊   ┊　┊
┊　★   ┊　★
☆　　　☆

🌙Michael Clifford from 5sos🌙

if you see this
please follow me?
I love you loads Michael

@Michael5SOS 

2742",1.242,Neutral
5.14025e+17,Neutral,"RT @ABRACCO: Wish I was there........😡👊
http://t.co/mcLU6YfsBr",0.05600000000000002,Negative
5.13013e+17,Negative,My work schedule on my bday &lt; 👎,-0.19,Positive
5.11872e+17,Neutral,If i offend you please tell meh; i'm chill like that 😊 (unless you are offended cause i talk about Jesus) 👌❤😁,1.659,Positive
5.12394e+17,Positive,RT @miilkkk: Android users watching everyone download iOS 8 like 😂😭🙌 http://t.co/zNScvPRzOd,0.6880000000000001,Neutral
5.1269e+17,Neutral,"STOP WHAT YOU'RE DOING AND GO WATCH #NashNewVideo OF MY ANGEL @Nashgrier W/ @HayesGrier
 》http://t.co/2llWnl1r9A《   
#NashvsHayes 😍 💕 130",1.311,Positive
5.11729e+17,Neutral,"RT @17blackstyIes: ""I met one direction"" 😭🙏 http://t.co/in5o3VaAp0",0.32499999999999996,Positive
5.12767e+17,Negative,My love for Kip Moore might be borderline homosexual but whatever 💁,0.328,Positive
5.14756e+17,Neutral,RT @L_Washington_: People wanna see you doing good but never better. 💯,0.121,Positive
5.1428e+17,Neutral,@saraaaahb_ watch it 😈,0.268,Positive
5.13531e+17,Negative,@Mitch32Andrade 😂😂 When I play the same then you bitch. There's a tweet to prove it too but it's Rec ball chill I was just messing.,0.442,Positive
5.12756e+17,Negative,RT @kissmenxrry_: “@SincerelyTumblr: when bae has a headache http://t.co/RQhAi8382q” 💕,0.633,Positive
5.12959e+17,Neutral,"Refreshhh banget 😊😃😚😌😌😉✌ (with @tanjiltanzilal, @JaneChristin, and @Auliarifki at NAV Karaoke - MX Mall) — https://t.co/GTyzjtTL16",3.35,Positive
5.12321e+17,Neutral,"@SoNasty5 ✊ “@GlobalDanceFest:
Get tickets before they sell out: http://t.co/pk8ExRIgun http://t.co/Neq05dcOxQ”",0.433,Positive
5.13562e+17,Negative,RT @t_aviaaa: I really love my avi 😭😻,0.531,Positive
5.12819e+17,Neutral,RT @jhajdinjak: Surprise early screening of @MazeRunnerMovie for this man's birthday☺ #CutestSurpriseRight #ImDaBessss 💁 http://t.co/oPzKOb…,0.328,Positive
5.13525e+17,Positive,“@Sexualgif: me when I get my own house 💁 http://t.co/siQIkGHpbm” every fucking day,0.328,Negative
5.11705e+17,Neutral,@itschillstyles it's basically a picture with one of my fans 💁,0.328,Positive
5.13559e+17,Neutral,🍩dd future type of night 🎧🍩💁,1.5370000000000001,Positive
5.13829e+17,Neutral,@gubbiriley look what I found 😘 http://t.co/U2ffKSl7C7,0.702,Positive
5.14262e+17,Negative,The Stupid Things I Do 🙈 I Do It For You 😩😘😍,1.4449999999999998,Positive
5.11574e+17,Neutral,Can @MarvinHumes come and DJ at Pozition in Hull one day please 👍👍,1.044,Positive
5.15002e+17,Positive,"✘😊✘
@Real_Liam_Payne 
Hi Liam!
I'm so excited for the new album
&amp; It would make me so happy
If you followed me!
I love youuu (:
#FOUR 
✘😊✘18",1.29,Negative
5.12676e+17,Neutral,@Nashgrier #NashNewVideo #NashvsHayes follow me🍪🍪🍪🍪🍪,0.9990000000000001,Positive
5.11936e+17,Neutral,"🐒🐒🐒🐒🐒🐒🐒

baby cakes @JaiBrooks1 
if you see this follow me 
just take a second 
i love you with all my soul 💘

🐒🐒🐒🐒🐒🐒🐒 14",3.9530000000000003,Positive
5.12313e+17,Neutral,“@adriannaiata: @uce_INA ; the little one is so handsome! 😍” nigga what about me?😒😕😂😂😂,0.5660000000000001,Positive
5.14211e+17,Negative,"RT @GorgeousDiior: We Be 15, 16, 17+ Stressing Like We 40😧😫",-0.211,Positive
5.12251e+17,Neutral,RT @WORLDSTARVlNE: HE FR TOOK ONE FOR THE TEAM 😂 http://t.co/jCFCQLQKiH,0.221,Positive
5.12338e+17,Neutral,Our new neighbours are such twats 😄,0.422,Positive
5.14415e+17,Positive,It feels so nice to sleep in 😴,-0.081,Negative
5.14158e+17,Neutral,I got a shot 💉,0.375,Positive
5.14496e+17,Neutral,"""They got nothing on you Cody. 
Nothing on you "" 
Fucken mike 😂😂",0.442,Positive
5.11989e+17,Neutral,RT @basebalgf7: So who wants to make these for me. #Yum ⚾️❤️ http://t.co/CZja6KaNck,-0.042,Positive
5.11599e+17,Neutral,"🌸💫🌸💫

hi calum hood from 5sos
I love you more than anything
can you follow me?
it would mean the 🌏 to me

@Calum5SOS @5SOS 

🌸💫🌸💫

120,080",5.016,Positive
5.12964e+17,Negative,Always in somebody's business 😂😂,0.442,Positive
5.14615e+17,Neutral,"@Rihannaisbae100 like I said, I never mentioned anything about hating her. ✌️ bye bish! 😘😘",1.404,Positive
5.12237e+17,Negative,"@Lucas5SUS dis me: 👠
dis u: 👡",0.881,Positive
5.12448e+17,Neutral,@tajuanp15 😤 and my boy @iwear_camoS he on dat,-0.211,Negative
5.11595e+17,Neutral,@Preston_K41 @iNinjaSpade @iNinjaPoker @iNinjaHeart hopefully @the_poker_joker takes out @hsrogg and @robbrereton at same time 👍,0.522,Positive
5.11712e+17,Neutral,@Am_Dopee @MikeFulbreezy I wasn't going to 😊,0.645,Positive
5.11837e+17,Neutral,RT @crump_natalie: My face just aged 6 years and I suddenly got a six pack. 😂😂@KevinHart4real  🔥#BestHourOfMyLife #INeededThat,0.5820000000000001,Positive
5.11902e+17,Neutral,@xhameex Same I can't say anything more than that tbh. 😏,0.332,Negative
5.12965e+17,Negative,@dafa_hoo lullzz...! confused ho tum pta nae q 😓😫,-0.22699999999999998,Neutral
5.13824e+17,Positive,Approved by friends check ✔️ 😁😁,0.9,Neutral
5.11876e+17,Neutral,@AyeeeItsWade no way 😂,0.221,Negative
5.14072e+17,Negative,I'm still in my PJ lol let me get tf up 😂👊,0.45,Positive
5.14464e+17,Positive,RT @InnocentLaTre: The game has changed 😂💀 http://t.co/4TqPV5eqCY,0.013000000000000012,Negative
5.11719e+17,Positive,Is there anything cuter then this? #sisterhapsdog 🐶 http://t.co/VBvT9GE8lt,0.588,Neutral
5.12788e+17,Neutral,“@_ForeverOne: @igobyjay_ you asked how to my your keyboard a certain color and im assuming you mean on your phone right lol”she stupid 😂,0.221,Negative
5.12542e+17,Positive,"""@eddievanbossu_: One day I fell asleep so hard I got hurt..."" ah??? 😂😂😂😂😂",0.663,Negative
5.14088e+17,Neutral,@Jaanaasiaa 😂😂😂😂 well I know that's def gonna be the case with me,0.663,Positive
5.11691e+17,Positive,@DariCampbell harsh😅,0.18,Negative
5.1446e+17,Negative,"Nail shop calling my name, Friday 😪",-0.081,Neutral
5.14133e+17,Negative,Got a busy week this week including working with The talented @BenEarth tomorrow on some personally created music just for me😉🎶 #MJ #heehee,1.0030000000000001,Positive
5.11477e+17,Negative,5 am start for an early morning workout. #dying 💪🏃,0.9710000000000001,Positive
5.11748e+17,Positive,RT @Gottiii_: im going outside.. Who wanna cum?😂,0.221,Negative
5.13373e+17,Neutral,👉👉👉 KRIMINAL- LOVE ME NOMORE FREESTYLE by Big Krimmy on #SoundCloud https://t.co/8sJXXc8AvE 🔥🔥,1.4620000000000002,Positive
5.14372e+17,Neutral,hollllll I'm mean and I don't care 😭💅,0.30300000000000005,Negative
5.14489e+17,Neutral,@lexuscierra it's really not. 😂😂,0.442,Negative
5.14465e+17,Negative,Kids in BC had to suffer for a while without education coz the damn teachers were protesting! Today was their First day of school! 👍,0.522,Positive
5.13126e+17,Neutral,"@Zamnnbree_ @canxdixce 👏👏👏 if I wanted serious I would've agreed , so I see your point",1.5630000000000002,Positive
5.13409e+17,Neutral,RT @_Vixennn_: Whole time I been thinking today was Sunday ! 👀,0.063,Positive
5.14707e+17,Neutral,@CdoubleOP_13 yeah I miss puking every time we go hard. 😂,0.221,Negative
5.1321e+17,Neutral,@Almightyziz nah 😂 ima show you in school 😩,-0.147,Negative
5.1187e+17,Neutral,RT @petewentz: So hot in the valley rn 🌴💀,0.32600000000000007,Negative
5.14596e+17,Neutral,lol damn 😳🙊,0.47900000000000004,Negative
5.12545e+17,Neutral,@JeeminPark13 @Apinkjeunjji @maknae_kaeun then why did you act like a kid sometimes? 😒😒,-0.75,Negative
5.14936e+17,Positive,hey sugaaa 💄 http://t.co/xGGmWLesH9,0.455,Neutral
5.14093e+17,Neutral,RT @Ashton5SOS: My dudes ☺️🎸👽 http://t.co/HDWyQPM64h,0.8500000000000001,Positive
5.11822e+17,Neutral,“@Derek_Loretto: My dad thinks he's funny http://t.co/Irbr1MhA9i”hahahaha 😩😂,-0.147,Negative
5.13494e+17,Neutral,"@xstefaniewelchx you was just like ""f"" no 🙅🙌",0.3540000000000001,Negative
5.15127e+17,Positive,RT @ShawnDTG_: @TheRealPYT___ Follow Her 💯,0.121,Neutral
5.14115e+17,Neutral,@Megan_Rosalina1 itchi teriyaki by the winco that close to firstenburg 😊,0.645,Positive
5.13475e+17,Neutral,"-  it takes two to be ina relationship   , ✌👫💁👏",1.108,Positive
5.12396e+17,Neutral,RT @Drew_Large8: @pkrueger10 litterly right down the street from you ✋,0.127,Negative
5.1172e+17,Neutral,waiting for ur gym buddy like..... @Andrewcinnabonn 😂 http://t.co/OzU3zpXYBS,0.221,Positive
5.14972e+17,Neutral,RT @serenitysbeauty: I only twerk in my room by myself. Never in front of people 😂,0.221,Negative
5.13753e+17,Neutral,Me &amp; my beautiful HC date lastnight @DanceMadison7 😊💋 http://t.co/thn2ahC80w,1.338,Positive
5.15082e+17,Positive,Play// Goapele💕,0.633,Neutral
5.1464e+17,Positive,RT @Sneaky_Dro: [Mixtape] YTS - Duke Da Beast via the Spinrilla App. Jammin! 🎵🎧🎤 @DukeDaBeast,1.416,Neutral
5.128e+17,Positive,"@KeatonStromberg ✖🍕🎮✖🍕🎮✖

HEY MY LOVE FOR YOU IS BIGGER THAN YOUR PENIS

IF YOU SEE THIS PLS FOLLOW ME :(

ILY♡ keaton
✖🍕 🎮✖🍕 🎮✖227",3.4480000000000004,Neutral
5.131e+17,Neutral,"I MISS YOU, but I'm not going to text you first because I wanna see if you miss me more💜💜",1.312,Positive
5.13162e+17,Neutral,@CummingsMeg kier-bow 😂,0.221,Positive
5.14618e+17,Positive,@BeairdEmma will you stop like making me cry bc your doing a good job😪 love you sis❤️,-0.081,Negative
5.14009e+17,Positive,RT @jkranzberry5: DOES ANYONE HAVE GREEN FACEPAINT?!?! 🙏🙏💚💚,2.154,Neutral
5.1271e+17,Neutral,Kenza lounge. This is just half of it. 💯👌 http://t.co/CZXv0LYxaP,0.6849999999999999,Positive
5.12374e+17,Positive,"“@OFFICIAL_JUBOI: ""@zizihassen: Hate is baggage."" Aint that the truth!” 👌",0.564,Negative
5.13724e+17,Positive,RT @kd_made: Church or no church I still love god 🙏💯,0.5389999999999999,Neutral
5.12325e+17,Neutral,"💀 🌿 💀 🌿 💀

Luke Hemmings from 5sos,
You are my sunshine 🌞
Please be my 1/4
You would make me so happy
Can't wait untill May 18

@Luke5SOS j",0.722,Positive
5.11671e+17,Negative,😂😂😂Lmaoo the crowd so dead to soulja boy,0.663,Positive
5.11634e+17,Positive,Fat asses attract me 😻🙈,1.057,Negative
5.13123e+17,Neutral,@mackenzy_rose I'll ask! My stepmom work full time all week😓,-0.081,Negative
5.1171e+17,Negative,RT @NikolasKimble: #oomf is so bad 😍😩🙊,0.7710000000000001,Positive
5.14816e+17,Neutral,@SugarfireStChuk The Big BBQ.  And now I'm getting even hungrier than I was before I saw your burnt end Sammie. 😎,0.493,Positive
5.13078e+17,Neutral,"Nice save Malori 😏
Lol not.",0.332,Positive
5.14083e+17,Neutral,Kenny this Kenny that 😤😤😤😤😤😤,-0.633,Negative
5.13859e+17,Neutral,I wonder if cam turns some of his fans notifications on? 😒,-0.375,Negative
5.14611e+17,Neutral,RT @_BeauteNoire: lifetime goal 👼 http://t.co/X0e4Xi9HLL,0.343,Positive
5.12619e+17,Neutral,RT @TheTumblrPosts: what 😂 http://t.co/5viUZHMucI,0.221,Positive
5.11647e+17,Neutral,Shout out to @shannnimal for her tatty support 💀,-0.208,Negative
5.13535e+17,Neutral,"""are you a beaver cause damn"" 😂😂😂",0.663,Positive
5.14997e+17,Positive,I like this emoji ➡😧,-0.065,Neutral
5.13474e+17,Neutral,RT @PosiLilSunshine: u are a flower. u have to grow through some dirt before u can blossom. 🌼,0.811,Positive
5.12022e+17,Negative,“@ITYB_RDiddy: Sisqo has a new song out 😂😂😂 nah foh”lmfaoooooo never,0.663,Positive
5.14487e+17,Neutral,RT @RafiAhmed_: These nudes 😂😂😂😂😂 http://t.co/9zatrXNoP7,0.663,Positive
5.14103e+17,Neutral,Sisters wedding 💒,0.667,Positive
5.13833e+17,Neutral,"RT @mattespin0saaa: 🌺Rt for an indirect.🌺

its free but a follow would be nice ;) http://t.co/ez35LXwJB3",1.12,Positive
5.11712e+17,Neutral,"🔱SneakPeak From @wizzolx Dropping Saturday, September 20Th.2014😎😤🔥🔥🔱 http://t.co/DhwQyGXjIR",0.728,Positive
5.11675e+17,Neutral,RT @5SOS: a heap of #5SOSDERPCON comps are now up on our website! make sure you signup if ya want info 😁 http://t.co/9YfxE2eCcL http://t.co…,0.45,Positive
5.14398e+17,Negative,RT @PrettyGirlKassh: Some black girls shaved the side of their hair in 2008 and it still hasn't grown back.☕️🐸🍵,0.584,Positive
5.12386e+17,Neutral,"I just walked by my brother in his room and all I heard was him talking to his phone.. He said ""Anaconda music video"" 😭😭😭😭😭😭",-0.279,Negative
5.14149e+17,Negative,"I can't walk with Nathan &amp; Phow, they're too much😂",0.221,Positive
5.13221e+17,Neutral,"RT @terrellb_3: Got the DUB 3-0 baby, #LakesNation #7 😈🏈🔶🔷",1.4340000000000002,Positive
5.12815e+17,Neutral,So my moms about to whoop my sister and I was gonna be generous and bring my mom the cloth belt... But nah imma bring her the leather 1 😏👊,0.561,Positive
5.11554e+17,Negative,RT @insidemyworld71: Abby is giving Victoria a migraine. 😆 #YR,0.412,Positive
5.116e+17,Neutral,"NGWANU “@Lepidopteran__: Celfieeeeee because, vain bunny👯 http://t.co/SzwB6OkSLY”",0.445,Positive
5.12887e+17,Neutral,"RT @DevoteesGENSAN: ""@DevoteesBICOL: .@bernardokath for BTS of #StarMagicCatalogue2015 (13-15) 👸
#StrongForKATH 👑 http://t.co/njlzOQzfGd""",1.323,Positive
5.13431e+17,Positive,hair gone be laid. 🙌💁😍,1.5660000000000003,Neutral
5.14308e+17,Positive,1 minute🙌,0.56,Neutral
5.11708e+17,Negative,RT @Bschroll: #IndiansTwitter tonight. 😢 http://t.co/MNfYY1dGo1,0.007,Neutral
5.13806e+17,Neutral,RT @Drrake: sometimes we should be really really grateful...😥💔🙏 http://t.co/l4pAenwy5x,0.419,Positive
5.14949e+17,Positive,"My mom tells me if you're cold, bundle up and stop sneezing on me! @WafaFlofa_Flame our parents def have the same blood lol 😂😷",0.04999999999999999,Negative
5.13294e+17,Neutral,RT @pauljohniee: #TeamFollowBack 📢 FOLLOW this cutie @juliasanchez03 and follow me too.  😃😃,1.616,Positive
5.11753e+17,Neutral,RT @maxfuentes_: @YaBoiLazyBlazy @eddieloco73 😂😂😂 Blaise Spanish 👌👌😂😂,2.233,Positive
5.11978e+17,Neutral,RT @fIirtation: Honestly all I want right now 😩 http://t.co/3B3H5ORa5x,-0.368,Negative
5.1471e+17,Neutral,@TheVampsJames Hi ! I know you love to make people smile and to make someone smile then please FOLLOW me. Love you.😋 x726,0.634,Positive
5.14548e+17,Neutral,I want a dog but then I don't 🐶,0.588,Negative
5.14489e+17,Neutral,"🌀🈹🏪🍱😴☔️😎💻👼 💤
🔪😻💅🎐👽👅✨🙌🔋💿

@Luke5sos
please FOLLOW me
love you so much (ᵕ́ૢ‧̮ᵕ̀ૢ) 

💥  x1107",5.191,Positive
5.12814e+17,Neutral,#MyBiggestRegret is breaking up with _____________ 💔,-0.122,Negative
5.14441e+17,Neutral,RT @Alison_Eden: Vote @TheMakaylaLewis for this year's homecoming queen! #makaylaforqueen 💙👸 http://t.co/WxxfD6b30F,1.354,Positive
5.14215e+17,Positive,Just heard the homie blaze that #doyouwanna on @1035TheBEAT mia Jamaica haiti link up salute 🙌🙌 @Papa_Keith @CherriPRBuzz,1.12,Neutral
5.12496e+17,Positive,souls recognize each other by vibes not appearances 🌞💭,0.7849999999999999,Neutral
5.12248e+17,Negative,RT @SexxAndBlunts: When you and ya squad ain got shit to do 😂😂😂😂 http://t.co/gyIhxbfP7r,0.663,Positive
5.11748e+17,Neutral,@Bri_err dude we went like 3 months or so didn't we 😂😂,0.442,Positive
5.14502e+17,Positive,And we still managed to stop by to get food 😂,0.221,Negative
5.14556e+17,Neutral,I've got to see Mrs. I tomorrow about my back 😁,0.45,Positive
5.13475e+17,Neutral,👿 always on my back,-0.557,Negative
5.1191e+17,Neutral,“@diaryofirene: @18blondiee class I can't text you back I don't have service in here😭” sad life 😔 where tay ? She didn't come this morning ?,-0.239,Negative
5.12127e+17,Negative,RT @mac_a_roni_: Tempted to check your twitter but naah🙅,-0.206,Neutral
5.13016e+17,Neutral,"@KathCim please follow me and follow my friend @gomezintensa you love us and is our dream, please do not ignore, i love you kath 😻💞 x13",1.366,Positive
5.13001e+17,Negative,"RT @Loni_TheGoddess: See, She's had half of me......... .....SHE AINT EVEN HALF OF MEEE💆💁👸",1.178,Positive
5.13138e+17,Negative,RT @ddlovato: San Antonio... Why did you have to go and make me fall so hard for you?!! 😝😝😝 #demiworldtour 💖💖💖 http://t.co/Ce8PimlFNg,3.414,Positive
5.12479e+17,Positive,@mariahdntcarey girl you've got no competition don't worry 😏,0.332,Negative
5.14969e+17,Neutral,She's off to sleep 😩🙏,0.04999999999999999,Negative
5.12699e+17,Negative,I'm watching Johnny Bravo 😝,0.425,Positive
5.13746e+17,Neutral,RT @lexxtasy: Fall makes me sad because it's beautiful out and I want to be productive and go pick pumpkins and apples but I never do 🍎🍃🎃🍂,1.8940000000000001,Positive
5.14954e+17,Neutral,RT @manuelauscher: @_mariarivero @lauraweiss_ @catacorrreaaa hb we all just text? 😂😂,0.442,Positive
5.13e+17,Negative,RT @56hoodstar: I'm the only one who didn't download iOS 8 😂,0.221,Neutral
5.12698e+17,Negative,RT @GirlThats_Quan: nobody will ever understand why you fuck with someone as heavy as you do😩👫 but really it ain't none of their business🔐😌💯,0.86,Positive
5.14243e+17,Positive,@BoricuaXD it's amazing book like it's my favorite as of now 😭😭😭,-0.279,Negative
5.15003e+17,Neutral,You call I say hello... 🎶❤️ #np,0.539,Positive
5.13279e+17,Neutral,"RT @alleyesonsteph: I lOoove being spoiled. But not with gifts or money. Just time, attention, and kissies 😭😩",-0.46099999999999997,Negative
5.12069e+17,Neutral,RT @ShitBsbPlyrsSay: This will be my son👌 http://t.co/rBBAh3olKG,0.564,Positive
5.14184e+17,Positive,RT @LifeFacts: Real friends get treated like family. 💯,0.121,Negative
5.14852e+17,Negative,I hate mfers that get on the internet &amp; front like they having so much but really ain't having shit at all ✂️✂️✂️✂️✂️ CUT IT TF OUT ✋😒,-0.248,Neutral
5.14328e+17,Positive,"Too much romance movies this year, but i dont hate it 😆",0.412,Negative
5.13517e+17,Neutral,"RT @alexgk96: @CarpenterKami aww love you so much bae, miss you too☺😘",0.702,Positive
5.12395e+17,Neutral,The end of today actually sucked....and then I saw my pants came in the mail 😏,0.332,Positive
5.13836e+17,Neutral,RT @DreSavage_: Girls only get crazy when they really love yo ass 😳💁😡❤️,0.17300000000000004,Negative
5.12852e+17,Neutral,"@diva_dancer_01 hey you commented on my status on Facebook I DMed you to jai, please could you follow me back 💗",0.659,Positive
5.13729e+17,Neutral,Damn I was getting down to the wobble with Dominique.😂😂,0.442,Positive
5.13341e+17,Neutral,The time has come 🍷🍷🍷🍷🍷🍷🍷🍷🍷🍷🍷🍷,1.203,Positive
5.11791e+17,Neutral,RT @Bieber_rose: JUSTIN AND CODY😍😍😍 http://t.co/keJlj1SatN,2.0340000000000003,Positive
5.13832e+17,Neutral,@kaybooch_ same 😩,-0.368,Negative
5.14628e+17,Neutral,RT @DayDay_Trill22: 🌁❄️⛄️ I LOVE YOU YOUR AMAZINGLY GORGEOUS AND WE NEED TO HANGOUT SOON I MISS YOU 😭😭💙💕💜,2.5780000000000003,Positive
5.1349e+17,Neutral,"@alliiiiii_x0 😂😭😂 me and Shawn ""loled""",0.349,Negative
5.11758e+17,Positive,"It's even funnier because I pictures Mercedes saying ""look at this shit son this is so pathetic"" 💀💀💀💀",-0.624,Negative
5.13092e+17,Neutral,About to get me some Portillo's😜,0.456,Positive
5.12116e+17,Neutral,@Anais_Campugan But they're on my computer 🌚 not the pictures just the videos .,0.473,Negative
5.13371e+17,Positive,"RT @baekthehun: Chen: What did the dog say when it lost its bone?

 Xiumin: What?

 Chen: Nothing, dogs can't talk.

LMAO 😂😂 
#HappyChenDay",0.442,Negative
5.12752e+17,Neutral,@_NiJuay ahhhh shit bitch i seen u😂😂👀👀,0.5680000000000001,Negative
5.13533e+17,Negative,@frostycameron it is! I wish it didn't happen 🙈,0.433,Positive
5.14945e+17,Negative,Chaylon so scary😂,0.221,Positive
5.13086e+17,Neutral,RT @PoemPorns: Read this 🙌 `. http://t.co/WPmcSftDML,0.56,Positive
5.11997e+17,Neutral,RT @Voluptuous_Lae: 😳 “@ZodiacFacts: #Aquarius + #Libra: It's like magic between these two. The conversations will never be dull and neithe…,0.018,Negative
5.14983e+17,Neutral,Enter me in @krazyrayrayy #krazy1milliongiveaway 😜😝😛,1.49,Positive
5.13446e+17,Neutral,RT @Daahveeeed: Bruh 💀“@BossFid: When bae take the aux cord and you think she about to turn on Beyoncé but she play some Gucci http://t.co/…,-0.208,Negative
5.14439e+17,Neutral,@Earthfairy_ ..... it happened 😂😂😂😂,0.663,Positive
5.12337e+17,Positive,RT @Bubbly_Diegi: I still cried though..like TF I loved him😩,-0.368,Negative
5.12285e+17,Negative,"RT @Emmamccormack_X: 24,000 immigrants to enter Scotland each year if we go independent 😅",0.18,Positive
5.12898e+17,Negative,"RT @IamErikaIsidro: Pray for protection, not for suspension. 👍",0.522,Positive
5.13925e+17,Neutral,"RT @all_in_yo_girl: Let's  be honest , who gon take her cookies or juice box?😳😳 https://t.co/hsXdQKbwxa",0.036,Negative
5.1498e+17,Positive,I'm really in love w Spartanburg 😩,-0.368,Negative
5.11644e+17,Neutral,25 hunnit pills in the nissan 🎧,0.423,Positive
5.14559e+17,Neutral,RT @justinbieber: By the fire 🔥 http://t.co/DMlfn2It4b,0.14,Negative
5.14462e+17,Negative,@garagekidash @Luke5SOS I'll only suck Luke's. 👌,0.564,Neutral
5.12299e+17,Positive,“@UnansweredQuot: Why the fuck did Kanye make a song dissing gold diggers then go and marry one?”😂😂😂👌,1.2269999999999999,Neutral
5.1355e+17,Neutral,@_BonitaaaKayy I'm well. Lol 😌,0.484,Positive
5.14136e+17,Negative,Someone send me tiff treats 😍,0.678,Positive
5.12995e+17,Neutral,"RT @TRBDeZignZ: @shanieberrii RT ""@SHMoneyDance: 🔥! The #ShmoneyDance bin out there https://t.co/zwDaOpT2Z6 !🔥""",0.28,Positive
5.13404e+17,Neutral,RT @OfficialAerie_: God be sending me them no cuffing reminders 😂,0.221,Negative
5.14608e+17,Neutral,"You'll be Ight ""@bluntlyhonestxo: In need of a vacation 💆""",0.228,Negative
5.13694e+17,Positive,"RT @AstronautSam_: Lol shambles cuz, I can't stop laughing 😂 http://t.co/PBx9Mmnl7u",0.221,Negative
5.13799e+17,Negative,@mjndotcom 😂😂😂👏 my bad,1.1840000000000002,Positive
5.11665e+17,Neutral,Go ahead😈 http://t.co/k29PqnPoi9,0.268,Positive
5.13026e+17,Positive,I actually just watched @v_stanfield 301 second snapchat story... I literally love you 😭😭 ❤️,-0.186,Negative
5.12291e+17,Neutral,"😍Michael clifford from 5SOS!😍
Can you follow bc me please?
Because I love you  so much,
And I dream of meeting you one day!!
♥♥♥
x329",1.356,Positive
5.13389e+17,Neutral,😒How I look at it 😎 Ima bout to go Mia and don't hit nobody up📱📱📱✌️ for a couple or days ✌️,1.099,Positive
5.12344e+17,Negative,@bremen_poop nooooooo I was suppose to do hw at work now I can't 😭😍,0.5850000000000001,Positive
5.11645e+17,Positive,@Austyn_Volpe 😂😂😂😂 I can't stop saying that now,0.663,Negative
5.13199e+17,Neutral,@JoshDevineDrums c'mon josh follow me I so into drummers 😉☺️ lol,0.464,Positive
5.13859e+17,Positive,RT @jakemiller: Out to din din with my boys 🚶🚶🚶🚶,-0.44699999999999995,Negative
5.116e+17,Neutral,#ifiwokeupwithamnesia I would let @5SOS dress me up like a kick ass superhero 😎 @OnAirWithRyan #contestentry,0.493,Positive
5.14751e+17,Positive,@AWerner1690 sozzzzz fraud police. 😂,0.221,Negative
5.14757e+17,Neutral,@malcowrutz27 thanks mal!! I miss you and love you so much! I'll be home soon don't worry!😉☺️,0.464,Positive
5.12999e+17,Negative,RT @MargaridaBruce: Today my village smells like shit! Literally! Living in the countryside is cool but shit smell is not😊😷😂😂 @LauraBTR_Bru…,0.9159999999999999,Positive
5.1281e+17,Neutral,RT @EvryDayBaseball: This will be my kid 👌😍⚾️ http://t.co/e6f0zL0wWE,1.2,Positive
5.13522e+17,Neutral,#mtcheer goes to Memphis 💙 http://t.co/PCImc51QTU,0.732,Positive
5.14647e+17,Neutral,Night 🌙,0.621,Positive
5.1164e+17,Neutral,@AffenQuinn 😂 pretty sure it was like that,0.221,Positive
5.14156e+17,Negative,@CherylsArmyGA oh here we go 😂,0.221,Positive
5.13759e+17,Neutral,RT @GOMITA_OFICIAL: Selfie😎😎😎 http://t.co/1RfGhYRQwf,1.479,Positive
5.13294e+17,Neutral,RT @galaxyjhjh: tao pushed kris to the camera when kris started to sing 😂 http://t.co/P43KbRvgxE,0.221,Positive
5.11914e+17,Neutral,@Abarry10 cheese and ham salad 😋,0.634,Positive
5.13355e+17,Neutral,RT @FemaleTexts: David Beckham and his boys 😍 http://t.co/Ufw1x0PEYA,0.678,Positive
5.11597e+17,Neutral,"RT @SportHumour: Goals this season in the Premier League:

⚽ Diego Costa (7)
⚽ Man City (7)
⚽ Arsenal (7)
⚽ Spurs (7)
⚽ Man Utd (6)
⚽ Liver…",3.7319999999999998,Positive
5.14212e+17,Neutral,@Ashton5SOS Probably🐤,0.591,Negative
5.1281e+17,Neutral,"DID ASH JUST FOLLOW ME?!
HOPE YOURE HAVING A GREAT DAY

P.S PLEASE MAKE IT HAPPEN @Ashton5sos. I love ya! 😁😁🆗 110",1.479,Positive
5.1375e+17,Positive,I want some wendyss 😩,-0.368,Negative
5.1161e+17,Neutral,Don't back talk me tho 😂😂✋,0.569,Negative
5.12376e+17,Neutral,RT @ObeyKatie: Bruh 😩💀💀💀💀 http://t.co/b9zUfENUkC,-0.9919999999999999,Negative
5.14496e+17,Negative,RT @IDDIE_5thousand: everybody need to get right man 😓 life to short &amp; tomorrow not promised 🙏💯,0.45799999999999996,Positive
5.13094e+17,Neutral,"💜
😊
💜
😊
💜
😊
💜
😊

@b97 please give these tix to @thezarryset! she wants this so bad #win97

💜
😊
💜
😊
💜
😊
💜
😊12",10.408000000000001,Positive
5.12072e+17,Neutral,@GayForLukee check your iMessage please 💘😈💪,1.513,Positive
5.13359e+17,Neutral,RT @im_thebest1: Bobby Shmurda stay turnt 🔥😂😂😂😂  https://t.co/0Fp5bpn7VL,0.8029999999999999,Positive
5.13157e+17,Positive,"🌀🔫 / you're pretty. You seem like a cool ass girl, and that's rare for me to say lol",-0.08900000000000001,Negative
5.14267e+17,Negative,RT @Chasity_MReule: I want years 💍💘💏 not months 🙍😐,0.835,Neutral
5.1413e+17,Negative,Just spent over an hour on the phone with @Fakeyourdeathh. She's so weird walking around your garden with your dressing gown on wtf idiottt😘,0.702,Positive
5.1364e+17,Negative,My friend snoring loud af 😂😂,0.442,Positive
5.12367e+17,Neutral,RT @wtf_duino: THE OLYMPIA STARTS TOMORROW 🙌🙌💜💜💪💪,3.5440000000000005,Positive
5.13709e+17,Neutral,RT @5SecsOfCookies: RT FOR A SOLO DM TO LUKE HEMMINGS { MUST BE FOLLOWING } PICKING 10 USERS RANDOMLY AND THE REST LINKS !! 💘💘 http://t.co/…,1.378,Positive
5.12732e+17,Neutral,"@VictoriaJustice #FollowMeVictoria , PLEASE? I LOVE YOU ♥ ♥ PLS VIC 🇫🇴🇱🇱🇴🇼 🇲🇪 IS MY DREAM ... x46",2.933,Positive
5.13722e+17,Positive,RT @GymBibIe: Train insane or remain the same💪🙌”,1.116,Neutral
5.14233e+17,Neutral,@YoGabssss aw why 😫,-0.146,Negative
5.11512e+17,Neutral,"@Cserrano9999 sorry Charles, I gotchu ✊",0.433,Positive
5.14035e+17,Negative,First time I'm not wearing makeup in long feel a little naked without it😄🙈,0.855,Positive
5.11715e+17,Neutral,Niggas be trippin 😂,0.221,Negative
5.12695e+17,Neutral,RT @HayesGrier: #NashvsHayes What was your guys favorite part of the new video😁? - http://t.co/ELWSJOXtvX,0.45,Positive
5.12231e+17,Positive,I only did my left eyebrow lastnight and forgot to do my right😭😭,-0.186,Negative
5.14504e+17,Negative,Be watching this shit out my tweet go find u a new nigga or some 😂😂✊😘 babygirl,1.577,Positive
5.15007e+17,Neutral,🍈🐲 I'd only hit if you had that nose piercing in,-0.506,Negative
5.13077e+17,Neutral,Some type of way make you feel some type of way 😎,0.493,Positive
5.14556e+17,Positive,RT @hayley_k1: “@ComedyOrTruth: PREACH 🙌 http://t.co/NfSs1f2OKT”,0.56,Neutral
5.12782e+17,Neutral,@stephaniemwahxo bish took me seriously 😂😂😂,0.663,Negative
5.11907e+17,Negative,RT @sbrn4_: need money 💰💰,0.512,Neutral
5.13922e+17,Positive,RT @IzabelZambrano: Seriously the best don't drink &amp; drive commercial 😭😭😭 https://t.co/foQUSeRQbn,-0.279,Negative
5.1185e+17,Positive,"💀💎

luke hemmings 
from 5sos

☆

im tired of wishing
on the stars so might as
well follow me now?

★

it’ll mean the🌎 to me
@Luke5SOS

💎🌙
😾",1.528,Neutral
5.12853e+17,Neutral,@vegzzzzzzz ya me trynna take nishes credit😂,0.221,Negative
5.12314e+17,Neutral,RT @FightCIubs: Still one of the best vines ever 😂 http://t.co/OjtkFS3Yva,0.221,Positive
5.12424e+17,Positive,Download @shots The best application in the world! Available for #iPhone &amp; #Android ♥ @justinbieber Please follow me 🙏🙏🙏 te amo x8.497,1.254,Neutral
5.11904e+17,Neutral,TONIGHT ---&gt; 🔙 to the EASTSIDE || $2 CrabLegs + $2 Wings + $2 Drinks || 2617 Panola Rd Lithonia Ga || http://t.co/YMZfvsATFp x9,0.217,Negative
5.13076e+17,Neutral,"🐧🎸🐧🎸🐧🎸🐧🎸🐧🎸🐧🎸🐧
🎸Luke Hemmings from 5SOS 
🐧If you see this
🎸Please may you follow me?
🐧U make me happy☺
🎸Please Luke? 💞X7824
🐧🎸🐧🎸🐧🎸🐧🎸🐧🎸🐧🎸🐧",16.038000000000007,Positive
5.11738e+17,Neutral,I don't understand why tf I'm not tired🙇,0.145,Negative
5.12343e+17,Neutral,I took a vow that from now im gone be my own best friend 👐💯.,0.097,Negative
5.14248e+17,Neutral,"Young Berg look good asf 😘he a mess doe, I know I couldn't handle him 😩",0.33399999999999996,Negative
5.13792e+17,Positive,I swear I use to have all the freaks when I had a metro 💀😩🙌,-0.015999999999999903,Negative
5.14226e+17,Positive,Eye brows be on fleek doe. 😏,0.332,Neutral
5.13923e+17,Neutral,RT @DevinfoDayzz: 🐮🐮 Were hanging out soon! hopefully everybody from the neighborhood gets together you're super chill and have a great per…,1.256,Positive
5.13753e+17,Neutral,"RT @AthleticaI: Dudes be like.. ""Ball is life"" 😂 http://t.co/z2bphlj4Xb",0.221,Negative
5.11679e+17,Neutral,RT @DlSNEYQUOTE: LITERALLY. 😭😭😭 http://t.co/6UQZKPzfkq,-0.279,Negative
5.13449e+17,Negative,"RT @kelrae_44: ""@FemaleTexts: girls do find out everything, but how nice would it be to not feel like there's something to find out"" AMEN👏👐",0.497,Positive
5.13922e+17,Neutral,"RT @_ev3lyyn: Jane is in love w Cesar 
&amp; Elsy is in love w Hugo 
Lmao ""okay"" 😂😂",0.442,Positive
5.11836e+17,Negative,"RT @57Veronica: Vincent 2 Catherine:""You have a life. Go on, go live it."" Pushing her away again, thx JT 😔 #BATB ""Saturn Returns"" #AUSTS1E5…",-0.146,Neutral
5.14672e+17,Positive,Can't stop even if I wanted to 🎶 http://t.co/cLxHf3cmGr,0.539,Negative
5.11983e+17,Negative,":""""""""""""D ""@JabbuM: Ey Larry you sleep doe.. 😂😂😂@Larryngitis @Du_DuziLe @Sipho_Says @zulunextdoor http://t.co/DDqoyPMNRd""",0.663,Positive
5.13952e+17,Negative,Make it roar! RT @Mslaytonbenton: Power of the pussy ✊🐱,0.9670000000000001,Positive
5.1157e+17,Neutral,RT @michaelsutthako: Just chilling in my jumpa 🙊 http://t.co/OcdENhdner,0.461,Positive
5.14852e+17,Positive,"@Real_Liam_Payne 

D
O
N
T

I

D
E
S
E
R
V
E

U
R

F
O
L
L
O
W

I

L
O
V
E

Y
O
U

S
O
 
M
U
C
H 

💘

nobody saved me baby the way you do",0.689,Neutral
5.11965e+17,Negative,RT @kennyyy13: If u have leather seats in your ride you know the struggle right now 🔥🔥🔥🔥,0.42000000000000004,Neutral
5.14099e+17,Neutral,@wanlin246 my gpa 😂😭,0.128,Negative
5.14794e+17,Negative,Dis rain got me like. 😍 http://t.co/qNsfLT7rmc,0.678,Positive
5.11708e+17,Neutral,RT @RD___2: I just wanna make money all day nd have sex all night wit the same person ... My thought!!🙇,0.145,Positive
5.1424e+17,Neutral,@DeadNerves96 I'm not even that tall😂,0.221,Negative
5.14656e+17,Positive,If I'm by my lonely I still got it on me 💯,0.121,Negative
5.13056e+17,Neutral,Hi guys! For every box rented this weekend  I get a treat. Tell your friends! -Frankie 🐶 http://t.co/EHssQpUxnY,0.588,Positive
5.11672e+17,Neutral,I slept through English honors and i did all my work 💯,0.121,Positive
5.11906e+17,Positive,"@narrycrewx Hi😊
Can u clik this link pls?
http://t.co/8M3G2Z0dpv

Every click counts as an entry
TYSM it means a lot❤
#EMABiggestFans1D",0.645,Neutral
5.11437e+17,Neutral,RT @_LukeBoyle: Who remembers this prick.😂 http://t.co/X15Cn6jlra,0.221,Negative
5.138e+17,Negative,Good night guys! School tomorrow 📚😭 #hatemondays http://t.co/YQDMCnWzHd,0.252,Positive
5.12956e+17,Positive,RT @5SOS: u got us nominated for 5 emas cos ur like unicorns 😁 vote for us if u like http://t.co/zm5K4Qbr1W #EMABiggestFans5SOS http://t.co…,0.45,Neutral
5.13562e+17,Positive,RT @FactsAboutBoys: When bae pisses you off but you just can't stay mad 😭😍 http://t.co/FnvGelm1mI,0.5850000000000001,Negative
5.15131e+17,Negative,RT @WORIDSTARHlPHOP: WATCH OUT 😂😂 http://t.co/mRns0Bggp4,0.442,Positive
5.12182e+17,Neutral,"im the one who wants to be with you,deep inside i hope you feel it too🎧",0.423,Positive
5.12789e+17,Neutral,"😂😂😂😂😭😭😭😭“@Iivinlife: When you tell someone ""Theres a bug on you"" 😂😂😂 https://t.co/tQxXksZ4by”",1.0470000000000002,Positive
5.13912e+17,Neutral,I'm here 😐👶 cuz I been fucking 😂😂,0.497,Negative
5.1306e+17,Neutral,Salt and pepper chicken 😍,0.678,Positive
5.12013e+17,Positive,RT @nmcvey8: “@scooney2k15: Who wants to play some bball🏀 right now?” #X #GoMaroons,0.266,Neutral
5.12507e+17,Neutral,"@KarltinBankz Check Out My Song ""That Ahh"" BANGER🔥🔥🔥Go Listen, Like, Comment, Share, Show Love!!!

http://t.co/Tjt3rRx4JT",0.42000000000000004,Positive
5.13701e+17,Neutral,I still can't watch Thriller when I'm home alone. 😂,0.221,Negative
5.13087e+17,Negative,So here's to everything coming down to nothinggg🎶 http://t.co/Qo3djqFAFm,0.539,Positive
5.12676e+17,Positive,Love my bro to death and thats real shit 💯@arobbs22,0.121,Negative
5.14177e+17,Neutral,RT @SantanaLil: I miss my dressing up mojo 😭 but I always get dresscoded now so I fuck around with my athletic wear 👌,0.471,Positive
5.12447e+17,Neutral,okayyy😛,0.609,Positive
5.13504e+17,Positive,"RT @KINGwhornee: Gabrielle Union don't worry boo, I got you #eastcomptonclovers 🍀 http://t.co/zDqTVtqvc1",0.288,Negative
5.1194e+17,Positive,@ChantalSinc lmao 🙏🙏🙏🙏 yessss,1.254,Neutral
5.13787e+17,Negative,RT @wowwjulian: @fabiolajsr was that you at wof? 😳,0.018,Neutral
5.1303e+17,Neutral,Well I'm not going anymore 🙅🙅,-0.412,Negative
5.12665e+17,Neutral,"RT @TreySongz: Please know this is my only Facebook account. I don't have a personal page! 

You can go like this one though 😏 http://t.co/…",0.332,Positive
5.12021e+17,Neutral,RT @_DollyLlama_: Hi stinkkkk💖😍😏😘 http://t.co/7Xs3QQhjA2,2.425,Positive
5.13383e+17,Neutral,RT @AustinMahone: KCA MEXICO TODAY!!! 😆 who's watching?,0.412,Positive
5.12714e+17,Negative,@BALLISLlFEVINES @bkang18 that step back 😱 we gotta learn that haha,0.19,Positive
5.11613e+17,Neutral,RT @Circadin_: “@Trill_shaks: You can change the direction of the train by thinking about it 👏👏 http://t.co/aQLfcfAUjJ”mindfuck,1.042,Positive
5.13421e+17,Neutral,@_georginaabbott so are you!!!😘,0.702,Positive
5.11937e+17,Negative,"""Thanks for the cracking funeral"" 😹😹😹😹😹😹 #Hollyoaks",0.42599999999999993,Positive
5.13893e+17,Positive,@E_Higgs70 I know 😂went all MIA 👀,0.28400000000000003,Negative
5.13617e+17,Neutral,"Football, Wings, and Drinks!👌",0.564,Positive
5.13562e+17,Positive,She really poured her heart into basketball😪😔,-0.22699999999999998,Negative
5.11703e+17,Neutral,😈69 you annoy 90% of the time but youre down so im bout it,0.268,Negative
5.13525e+17,Neutral,Bitch mode 💁,0.328,Negative
5.13002e+17,Neutral,I just realized I don't have class in RLM 😃😃😃😃😃,1.6740000000000002,Positive
5.11904e+17,Neutral,@ArianaGrande @AlexaLuria does that mean I love you?🙊💖,1.174,Positive
5.14066e+17,Positive,Halloween 🌕🌕🌕🌃🌃🌃,3.051,Neutral
5.14266e+17,Neutral,RT @TanaWolfson: @KamiHutchings it's gonna go viral😁😉,0.914,Positive
5.13766e+17,Positive,"""@Real_Liam_Payne: I will miss you Vegas ... Bellagio give me back my money pleaseeeee I need to pay for college 😥""aww",0.123,Negative
5.13045e+17,Neutral,RT @BIGGUCCIJU_: Still speaking on me I can't stand old bitch 😝.,0.425,Negative
5.13802e+17,Positive,Hallofreakinween is a must this year 😭😭😭😭😭,-0.279,Negative
5.14219e+17,Neutral,"I only use his mouth , I guess that make me a user 😜🙊",0.917,Positive
5.14988e+17,Positive,I'm just putting it out there that I'm here for anyone who ever needs someone to talk or vent to 💯,0.121,Negative
5.11632e+17,Neutral,RT @DopeBoyDada: Facts 👍💑💯 http://t.co/uECzcqyXw0,1.326,Positive
5.14468e+17,Neutral,"“@BestofGemini: #Gemini can have depressing moments but can jump back quickly.” Me in a nutshell. Bipolar like a mufucka, and proud of it ✊😂",0.654,Positive
5.1226e+17,Positive,RT @James_Yammouni: I miss the boys 😔,-0.146,Negative
5.12913e+17,Neutral,Slight obsession with vimto at the moment 🍇,0.304,Positive
5.14208e+17,Positive,@MaxGeorge you're the sunshine that makes my day. #MaxMonday #FollowSpree #MaxFollowSpree 😭,-0.093,Negative
5.13767e+17,Negative,"RT @7s_onBoosie: Don't Be Boring , Send Your Nigga Pictures Like This More Often 😍😏💯🙌 http://t.co/uWv8PaeyZJ",1.691,Positive
5.13796e+17,Negative,If I ever want a girl I can bet some money I could get haa 😂😂,0.442,Positive
5.11971e+17,Neutral,"Mum just asked if anyone wants cake and Ross put his hand up and said: ""me!"" 😭",-0.093,Negative
5.13943e+17,Negative,I CAN'T WAIT ANYMORE!!!!! 🙅🍺🍻🎁🎈🎊💣🚬🎰 #biggestpartyoftheyear 🙌 http://t.co/0OQrM2gNi0,3.1500000000000004,Positive
5.12395e+17,Neutral,"@Michael5SOS Michael Clifford from @5SOS 
 🌸🍓🍊🌜💚🐬👾
 🌸🍓🍊🌜💚🐬👾
  HI:))) PLEASE B MY 1/4
U MAKE ME HAPPY
💕💕I LOVE U 💕💕
 🌸🍓🍊🌜💚🐬👾
 🌸🍓🍊🌜💚🐬👾
3426",17.979999999999997,Positive
5.11622e+17,Neutral,@hollymartin00 @autumnmiss2011 @AvenEllis hahaha she is a very bad influence but I wouldn't say no 😜😜😜,1.368,Positive
5.11403e+17,Neutral,RT @EzequielSimons: 😊🙌🙌“@prayerbullets: You will show me the path of life -Ps. 16:11 #Prayer”,1.7650000000000001,Positive
5.14043e+17,Negative,RT @SoleHimself: When Ya girl home girl catch you In the club with someone else!! 😂😂😂 http://t.co/jYI7Gbyv6e,0.663,Positive
5.11889e+17,Negative,This girl needs coffee asap ☕️☕️☕️,0.738,Neutral
5.12424e+17,Neutral,@__Nakia he need to 😒😴 http://t.co/atV2CAw6rs,-0.456,Negative
5.14555e+17,Neutral,I be wanting to talk to certain people again but my pride too big😩💯,-0.247,Negative
5.13675e+17,Negative,@loyzagadiegs @digsters Get Together naman po please 🙏,0.418,Positive
5.14826e+17,Positive,F**k True  💞,0.742,Negative
5.12626e+17,Neutral,Shady asf✊💦,0.909,Negative
5.14414e+17,Neutral,RT @ddlovato: You're not 😝😝😝😝😝😝 #DEMIWORLDTOUR RT @LovatoNlt: @ddlovato I don't think we're ready for this,1.275,Positive
5.14564e+17,Negative,ii can't 😩😂,-0.147,Neutral
5.14421e+17,Negative,Missing my girl like CRAZY !! I wish you could come home now! 😘 I love you Emily! #T-20days http://t.co/3XylRX1s87,0.702,Positive
5.11649e+17,Positive,Took that Dub 😬💪. 3-1 #Varsity http://t.co/xPKUfOS0sV,0.752,Neutral
5.14462e+17,Negative,And the teacher had the cheek to put me 4 mins Kate when I was only 2 fucking hate school can't wait till I leave!✊💦✊💦,1.818,Positive
5.12117e+17,Positive,I'm funny so idc. 😂😂,0.442,Negative
5.13378e+17,Neutral,Watching The Great Gatsby. 😍,0.678,Positive
5.12038e+17,Neutral,RT @GatorsFanPage: Get me to 5K and @UF_Sports_Page to 400 for a TEBOW jersey!!! #GatorNation 🐊,0.1,Positive
5.12834e+17,Neutral,RT @DJeSenTRIK: my NEPTUNES set worked  😭😂,0.128,Positive
5.12706e+17,Neutral,My kids first book 😂 http://t.co/9D3btalcBB,0.221,Positive
5.12412e+17,Neutral,@ssusiexx now im scared😂,0.221,Negative
5.12879e+17,Positive,"RT @jokesatibapa: Keep on Praying 🙏🙏

#DahilMayBagyoNgayon
#MarioPH",0.836,Neutral
5.13134e+17,Neutral,"I'm ready for ugg boots , prettyscarfs, &amp; stuff 💁",0.328,Positive
5.13532e+17,Neutral,@hotboychann I ain do nothing today😴😂,0.14,Negative
5.14561e+17,Neutral,Late shift #selfie as always #GlycolicGlo treatment    Fighting this 😷 http://t.co/a6JXXi4qHI,-0.171,Negative
5.11972e+17,Neutral,Bae got me in lunch slipen 👀 http://t.co/KChP6PnjFo,0.063,Negative
5.1386e+17,Neutral,RT @reIatabIe: A Five Year Old Said This 😮🙌 http://t.co/0JI4dTbuRd,0.8380000000000001,Positive
5.14644e+17,Negative,RT @BrimLee_: Do you ever just have a really good day and then one little thing kills your vibes cause that's me 😅,0.18,Positive
5.11667e+17,Positive,@ReloTheKid I know 😫😫😫 lol,-0.43799999999999994,Negative
5.13544e+17,Neutral,RT @_DvnielleMvrie: @1017nelle BIG BOOTY NELLE! Bitch It's your mother fucking birthday. If you don't turn up! I miss your crazy ass 🎉🎁🎂🎉! …,2.8689999999999998,Positive
5.14781e+17,Negative,RT @davianreed: Were did mr crabs hide the crabby patty formula 😳,0.018,Neutral
5.12071e+17,Negative,@Shauntae_ism I did majority of it...but in saving the last worksheet for advisory tommorow.....I gotta work on my stuff for student senate😁,0.45,Positive
5.14161e+17,Neutral,@rest0ringforce_ this is look at my hair 😂😂,0.442,Positive
5.14642e+17,Negative,"RT @stfurosie: we almost got kicked out of the volleyball game today, woooops. #toomuchspirit 😂😂😂😂💀",0.45500000000000007,Positive
5.14772e+17,Neutral,RT @____ShesAKeeper: Boyfriends deserved to be spoiled too .. 😏😜👫💍👑,2.2390000000000003,Positive
5.1224e+17,Positive,#LRT lmao his ass funny as shit😂😂😩😆😆,0.8979999999999999,Negative
5.13851e+17,Neutral,RT @IdiotOlympics: Bruh 😂😂 http://t.co/PHfibSiKmx,0.442,Positive
5.13929e+17,Positive,@DaisyiBenton Ya heard me 😤,-0.211,Negative
5.12173e+17,Neutral,RT @sofia_tt1: Hope I can go skiing in New York😆,0.412,Positive
5.13441e+17,Positive,@dnetta_ like its bout 500 of them and they make no sound just sit there 😹,0.142,Negative
5.12311e+17,Neutral,She gives him the new one and he asked if it was safe and if it was going to burn down too. Omg 😂,0.221,Negative
5.14983e+17,Negative,RT @AngelNo312: lol his grandmother getting him ready for graduation tomorrow 🎓#hititfromtheback ..METELE ANGEL JR https://t.co/mBZgSIOoq5,0.584,Positive
5.13506e+17,Neutral,"""@btw_itsnay: Someone just said I probably taste like a watermelon jolly rancher 😩😅"" 😂😂",0.254,Positive
5.14927e+17,Neutral,There's always a time when females have to dress up and get pretty but yet again they aint goin nowhere  💇💅👠👗👜🎀💄💋💍💎🌹,5.128000000000001,Positive
5.134e+17,Neutral,Girls who think they're thick but they're really just fat 😁😂 sorry not sorry.,0.671,Negative
5.11751e+17,Neutral,@paigevictoriaa_ 😂 I did drive today actually.,0.221,Positive
5.13352e+17,Neutral,@inthestyleUK @Charlottegshore BLACK 😍😍😍😍,2.0340000000000003,Positive
5.14622e+17,Neutral,RT @Sexualgif: now this is how you apologize 😍🍓🍫 http://t.co/r7Wib1W8Hm,1.527,Positive
5.14258e+17,Positive,"RT @TanGurlz: dont ask me why, but i looove these shirts on guys😍😩🙌 http://t.co/vFEIV9qVyy",0.8700000000000001,Neutral
5.13517e+17,Negative,RT @SoDamnReaI: BOYS TAKE NOTES 👏 This is how you say sorry 🙌 http://t.co/S4cINB93vy,1.081,Positive
5.13765e+17,Positive,ardenzabike _maaatt matteon92 🚲 http://t.co/uLTOpN3yJ4,0.429,Neutral
5.1515e+17,Negative,"Sooo ready to be in Florida, fall break can't come soon enough😍🌴🐬🌊☀️",2.1850000000000005,Positive
5.12964e+17,Negative,“@BrittanyPagie5: Eddie must be stripping for all that tattoo money” 😂😂,0.442,Positive
5.11953e+17,Positive,Retaking my maths in 2 months and I haven't done it since my exam which I failed 😂,0.221,Negative
5.11982e+17,Positive,"@srobin1989 haha isnt he? Surely he is, i cant see him being a Liverpool fan  #godmusthavemoretaste does this count as religious talk 😉 x",0.464,Negative
5.13229e+17,Neutral,"@Calum5SOS 

I love you

You love us

We're a happy family

With a great big FOLLOWBACK from you 2 me

Won't you say u love me too 
🎸2434",0.528,Positive
5.13778e+17,Negative,RT @iLoganB_: 😂😂😂😂❗️❗️❗️“@FweaGoJit: These nudes dropping faster than financial aid 😂😭”,1.094,Positive
5.13497e+17,Neutral,RT @JacobWhitesides: Alright I'll post it in 12 minutes won't annoy you all with a countdown just be ready to revine 💁,0.328,Positive
5.12919e+17,Neutral,“@zaynfthoodx: QUOTE WITH YOUR INSTAGRAM i'll follow you 🌺” skellouton :),0.56,Positive
5.13535e+17,Positive,"RT @Yung_RichNiggaa: RFT""@KiNGQUON20_: Money can't change me 🙅""",-0.206,Negative
5.1434e+17,Neutral,"RT @SirLovaboy_: 😂don't get in trouble""@ASJMR_: “@SirLovaboy_: nigga jaz is every girls dream girl right now lmfao” only from 3am til sunri…",0.221,Negative
5.14359e+17,Neutral,"@natebuzz ""I walk alone"".  🚶 And if I'm correct this is an old picture of Nate I think it was taken… http://t.co/VJ7UEqMIy7",-0.149,Negative
5.1334e+17,Positive,@tbiamonte_ that's wicked funny but I felt bad laughing if it was like serious 😂😂,0.442,Negative
5.12794e+17,Positive,"@AdrianaJ0715 of you called me gordo I'd be offended but if you call me gordito I'd be like ""she's so nice, she didnt call me a fatass"" 😂",0.221,Negative
5.139e+17,Negative,I don't think they ready for it though 😂,0.221,Positive
5.13498e+17,Positive,@@alyssa__paige22 Can you Rt this https://t.co/mfoWZY0gOA thankyouu it would mean the world to me thnx 💋,0.693,Neutral
5.14248e+17,Neutral,RT @VictoriaM_10: Everyone needs to stay in their lane 🙅,-0.206,Negative
5.12562e+17,Neutral,The new update on the iPhone😩😍❤️,0.31000000000000005,Positive
5.14917e+17,Negative,"RT @ChuckBassReacts: I am officially done 😍😍😅 ""I'm Chuck Bass"" http://t.co/oCVoAi7o77",1.536,Positive
5.11581e+17,Positive,Bee different 🐝🐝 http://t.co/XWQBYgvLDF,0.458,Neutral
5.13196e+17,Neutral,RT @Every_Athlete: All athletes can relate 👌 http://t.co/IHot4Zu1LT,0.564,Positive
5.14135e+17,Neutral,“@Footy_Vines: This is perfection!... http://t.co/ysZyxwjJhc” wtf...😧,-0.065,Negative
5.12752e+17,Neutral,RT @mhspantherpack: “@TayG101: EVERYONE GO TO FIVE BELOW FOR YOUR HAWAIIAN LEIS AND FLOWER HEADBANDS” 🌺🌴☀️,1.094,Positive
5.11711e+17,Neutral,RT @__AVK: @___jahmiraaaaa omg 😱 I thought you was going to sleep?,0.19,Negative
5.11477e+17,Neutral,"🌑
🌒
🌓
🌔
🌕
🌖
🌗
🌘
🌑
🌒
🌓
🌔
🌕
🌖
🌗
🌘
🌑
🌒
🌓
🌔
🌕
🌖
🌗
🌘
🌑
🌒
🌓
🌔
🌕
🌖
🌗
🌘
🌑

FOLLOW AND STALK @izayinegirl BC GAIN TWEETS

x63",21.916000000000007,Positive
5.11945e+17,Negative,People on the internet are so weird 😎,0.493,Positive
5.14397e+17,Neutral,@Rpoli6 @DaltonTodd20 and your sister🙋,0.492,Negative
5.14227e+17,Positive,RT @_Aysiaaa: “@IzabelZambrano: Seriously the best don't drink &amp; drive commercial 😭😭😭 https://t.co/zumU4NQYnd”I WAS GONNA CRY THEN THE GUY …,-0.279,Negative
5.14663e+17,Positive,“@DerpyKeng: 2 more days 🌚🌚🌚🌚”,1.419,Neutral
5.14856e+17,Neutral,@teamsfree @TommyWwetna521 ⚡️F4F I ALWAYS follow back 💯!! 😊 follow me 👉@misspinkatron 👈 start following 😀😀,2.914,Positive
5.13839e+17,Negative,Pandora and homework 📓🎧,0.673,Positive
5.14062e+17,Negative,"Missing those winter days ☔️ تولهنا عالشتا @ Al Madam Sharjah, UAE http://t.co/Y3CUUrB34M",0.297,Neutral
5.11801e+17,Neutral,Sam and Vicky! 😘 http://t.co/i0NBuKlaPd,0.702,Positive
5.13692e+17,Neutral,My brother's birthday is tomorrow😮,0.278,Positive
5.11648e+17,Negative,RT @ReezusChrist: “@_HugoHef: “@xxMERE: When you wanna fuck but you can't cuz y'all cousins http://t.co/2B9Ql1Po6o”cmon g'z lmaoo”😂😂😂😂😂😂😂😂😂…,0.663,Positive
5.14189e+17,Neutral,bruh i need me a white boy 😍👌,1.242,Positive
5.14263e+17,Neutral,@AKidNamedAngel Lol not my man 😏,0.332,Negative
5.13421e+17,Neutral,This dum ass movie these niggas got me watch tf 👿😤,-0.768,Negative
5.128e+17,Neutral,@hailariana same 😂 but it can save your address and personal information too so I'm not getting it,0.221,Negative
5.13696e+17,Neutral,"RT @immiartist: Leicester city, say no more fam 😂😂😂😂😂😂😂😂😂 #ishq",0.663,Positive
5.11626e+17,Neutral,@brennnannleee preach 🙌🙌 I'm sorry I was so ill 😅,1.3,Positive
5.14636e+17,Positive,Young Jeezy Trap Or Die 2 Mixtape 👌🎧,0.9869999999999999,Neutral
5.12987e+17,Positive,@SaintxPIERRE That's gonna be me🙋😿😹😹,0.395,Negative
5.13916e+17,Neutral,"@LaceyBoze well then, i'll just make my way to a pdf version of it on my local internet 😏",0.332,Positive
5.12884e+17,Neutral,"RT @blxsskelsey: The ""I Love Myself"" Act, staying body and mind positive! Signal boost. 💕 http://t.co/FiFu0d5fCC",0.633,Positive
5.12678e+17,Neutral,RT @Briaaanda: Fly by Sugar Ray 👌 #takingitback,0.564,Positive
5.14509e+17,Neutral,Sponsor walk tomorrow 🚶,-0.149,Negative
5.12344e+17,Neutral,RT @ddlovato: I just said gorge. 😳,0.018,Negative
5.1381e+17,Positive,I like your dolls😱,0.19,Negative
5.14079e+17,Positive,Black is the best colour⚫ http://t.co/5hUPIM8Tmj,0.286,Neutral
5.14757e+17,Negative,Now you mad ?? 😂 shiddd ohh well .,0.221,Neutral
5.14156e+17,Neutral,@Rebecca_read8 this is me 24/7 😂,0.221,Positive
5.12055e+17,Negative,@Conner1633 hahaha😂😂 same over in steinhatchee man😂 we have doe dogs and same bad ass hog dogs!,0.663,Positive
5.14512e+17,Neutral,@koye10 hey dude! 👋👋,0.832,Positive
5.13782e+17,Negative,&amp; that's fine💁😌 “@KirbBall_411: Now I have to add the Redskins to a team I dont like”,0.812,Positive
5.14567e+17,Negative,"I'm really gonna do Tres lil workout plan lol. Maybe not tonight, but I'll do it 😂",0.221,Positive
5.14396e+17,Neutral,Take me! And let's have a Quickie! 😈💃 HAHAHA 😁 http://t.co/j0WnQeBjbc,1.454,Positive
5.12583e+17,Neutral,"I Wana go on a date tho, I'm not lie 😒",-0.375,Negative
5.14855e+17,Negative,Or should I just ask shermars mom 😏 I miss her 😘😘,1.736,Positive
5.14046e+17,Negative,RT @lopezalondra68: Freshman girls be straightening their hair in the lobby 😂😂😂,0.663,Positive
5.12994e+17,Neutral,RT @Dolladoll: #MansionElan tonight #MigosElan 😈,0.268,Positive
5.12343e+17,Neutral,RT @BigBOSS_Ray: We got some Rollie pollies walking around in suitland 😂😂,0.442,Positive
5.13191e+17,Neutral,@JoshDevineDrums HI JOSH💘 FOLLOW ME PLEASE🙏 I LOVE YOU SO MUCH 😊💙 x10,2.484,Positive
5.14567e+17,Neutral,"RT @__Shimmy: “@IDontClaimHoes: I kiss like this 😍😩💦💋💦👀:
https://t.co/YmwVAqa9SV”",2.0180000000000002,Positive
5.13707e+17,Neutral,Samsamida pakcik fariss for today 😜😜👍👍😆😆😝😝 #mymompunyaadikpunyaanakboy#study#bubbletea#date @… http://t.co/bwjiMffFso,3.63,Positive
5.1259e+17,Neutral,"i hope you're well :)
if you happen to see this,
can you please follow me? 
it would make me sooo happy!

@ArianaGrande 😘 x101",0.702,Positive
5.14475e+17,Negative,"Keep talking shit, sweet pea. I'm over here chillin'.😊👏",1.166,Positive
5.13734e+17,Neutral,RT @Arnel_lilic08: @KingHopson same man I don't get it 😂,0.221,Negative
5.12885e+17,Neutral,“@TinderLikeBrent: #tinderlikebrent courtesy of @AlfiePowell http://t.co/e0PA2YEZfp” @bairdy_10 @Danielstrange9 😂,0.221,Positive
5.14273e+17,Negative,"""@TrillKeltMane: ""@DadaBlood_: I ain't getting no type of sleep tonight cause kelt gone have me up all night .""😈👅👀"" You Hell.😂",1.02,Positive
5.151e+17,Negative,@briangamez1 i thought i did 😂😂😂😂,0.663,Positive
5.11611e+17,Negative,RT @Nekkohbk: “@alfyeezus: Kevin Hart went OFF 😂😂 http://t.co/TxcIJztlMv” LMFAO,0.442,Positive
5.12751e+17,Positive,RT @Jooeelll_: I'm gonna keep it 💯 with anyone,0.121,Negative
5.13189e+17,Neutral,RT @CraziestSex: Girls and guys can't be friends these days without people thinking things 😂👏,0.742,Positive
5.14254e+17,Negative,"RT @_QueenDi: @_xoyanni 😂 You are bipolar, but I understand 😌",0.705,Positive
5.12643e+17,Neutral,"Hi Luke Hemmings from 5sos😻😽

🌸please follow me and @WeDoLove5SOS🌸 
@Luke5SOS💞💕

#EMABiggestFan5SOS 
x479",3.894,Positive
5.12063e+17,Neutral,RT @TannerPatrick: New lyric video up now on YouTube! 🌊 River feat. @shawnieora 👉 http://t.co/BPn6jDSN4F 😄 http://t.co/ybz2SheBu4,1.332,Positive
5.14803e+17,Negative,@krystal_berg I miss you to😘😘,1.404,Positive
5.12201e+17,Positive,OMG 😨 I want this before I die. http://t.co/hM3w1QBU0E,-0.141,Negative
5.13112e+17,Neutral,"🌿🔮🌿🔮🌿🔮🌿🔮🌿

HEY YOU LUKE HEMMINGS
FROM 5SOS
I LOVE YOU MORE THAN ANYTHING
PLEASE FOLLOW ME?
HAVE AN AMAZING DAY
@Luke5SOS

🌿🔮🌿🔮🌿🔮🌿🔮🌿
x4838",6.058000000000001,Positive
5.13447e+17,Negative,i cant with Miley's last posts on instagram 😹😹😹😹😹😹😹😹😹 im not breathing 😹😹😹😹😹😹😹😹😹😹😹😹😹😹,0.852,Positive
5.12427e+17,Neutral,"RT @HOVthebvrb: Y'all saying iOS 8 gone get couples caught up... Question is, what y'all got to hide? 🙇",0.145,Negative
5.11479e+17,Neutral,Whatsapp's 'last seen' is the devil 👿,-0.557,Negative
5.14108e+17,Neutral,@BrooksBeau been waiting for that since '12😔,-0.146,Negative
5.14713e+17,Neutral,RT @RachEttinger: The world's most expensive burger goes for $295 and the bun is made of GOLD 🍔 #ps,0.286,Positive
5.14071e+17,Positive,@MickieGama @arianadominique @hotwata chill it might happen sooner then you think 👀,0.063,Neutral
5.11419e+17,Neutral,Slobbing  RT @EverybodyBrooks: “@L_B_MARCO: “@DETROITHEEM: 😂😂😭😭😭😂😭😭😂😭😭😭😂😭😭😭😂😭 http://t.co/UnGPkGCFr8😭😂,0.21000000000000016,Negative
5.13298e+17,Positive,RT @illLALA: Once you let me go ✌️ I did my time I'm free🔓‼️‼️,0.111,Negative
5.12381e+17,Neutral,my errday buddyyy 💪 #usana #vscocam http://t.co/3xG2wTPDP3,0.556,Positive
5.13774e+17,Positive,@qwa2xs_ OMG WTF.!  😂😂😂,0.663,Negative
5.14424e+17,Negative,@puepi_232 @JJJules14 @gullycat59 @js82 @Julie_PoGo @Harmon_Hotchner yes think is 3am for you. These time zones very confusing 😜,0.456,Positive
5.12084e+17,Neutral,@tarrrrrynn I'll make copies 👍,0.522,Positive
5.13065e+17,Neutral,It's a love robbery 🎧,0.423,Positive
5.12092e+17,Neutral,"Haven't text my crush all day today😒, she'll get a text in the am for sure😘",0.32699999999999996,Positive
5.11714e+17,Neutral,RT @ArianaGrande: outfit yesterday in Tokyo 💜 http://t.co/MP0UdFlxWH,0.656,Positive
5.11522e+17,Neutral,"@MCMAK1N o well, I thought I had cropped it good 😩😂",-0.147,Negative
5.11834e+17,Neutral,I have 5 different alarm clocks just in case i accidentally shut one off instead of snoozing it. 😭,-0.093,Negative
5.11528e+17,Neutral,@Michael5SOS 😍😍😍🙏🙏💍💍🍆🍌🍌🍆🍆😍😍🐯🐯👽👽👽👾👾🎮🎮🎮🎮  hi michael from 5sos can u plss follow meee i love u so much 👾👾👽👽👽👾👾🎮🍕 you are my sunshine x2435,14.686999999999998,Positive
5.13106e+17,Positive,RT @KayEmx3: “@BestOfFOD: when the whole squad looks good http://t.co/fq6yHV8o4T” @lcladdagh 😭😭😭😭,-0.279,Negative
5.1434e+17,Negative,RT @TeamFranessa: If vanessa tweeted me to basically fuck off I would never go and try and meet her again😂😂😂 how awkward 😂,0.884,Positive
5.11609e+17,Neutral,@MCINTOSHH_ my phone went down the toilet 😢 but thank you and I miss you a lot xxx,0.007,Negative
5.1296e+17,Negative,"RT @ouma1dlover: "" one direction won't win , i dare you "" 
DIRECTIONERS : 😂 😂 😂 
#EMABiggestFans1D http://t.co/flDNsEi5Mp",0.663,Positive
5.14625e+17,Negative,RT @_yung9: worst fear is losing my moms💜✊,1.089,Positive
5.11893e+17,Neutral,@AustinMahone 👉follow me👈👉follow me👈👉follow me👈👉follow me👈👉follow me👈👉follow me👈👉follow me👈 PLEASE AUSTIN 🙏 ILYSM 💝💝💝 49,8.176,Positive
5.12802e+17,Neutral,"""@QueenCoriell: Holy shit http://t.co/rpGSd3bAuH"" 😭😍😭😍😭😍",1.7550000000000003,Positive
5.11532e+17,Neutral,@BassBoyUKP 's set on @1Xtra last Tuesday is fire 🔥🔥🔥,0.42000000000000004,Positive
5.14191e+17,Positive,Just touchdown FDL 💯🎉,0.861,Neutral
5.11697e+17,Neutral,RT @Stephpacheco: Study buddy @SillyassGagaboy  👯,0.445,Positive
5.13145e+17,Positive,RT @CraziestSex: No girlfriend should ever feel like she's in a competition with another girl ✋😒❤💯,-0.127,Negative
5.13472e+17,Positive,"watch cam go skydiving !

💥✖️💥✖️💥✖️💥

and give it a 👍 !

💥✖️💥✖️💥✖️💥

@camerondallas #camskydive #SkyDiving http://t.co/tjhf5UCUyB x624",1.714,Neutral
5.13512e+17,Neutral,Niall Horan 👏👏,1.042,Positive
5.14536e+17,Neutral,"""@poIosocks: quote this tweet with a cute selfie. 🙈🙊😍👀"" http://t.co/hSJrwZ1QAf",1.635,Positive
5.12953e+17,Positive,GOODNIGHT EVERYONE BYE HUHU😭😭,-0.186,Negative
5.11622e+17,Neutral,RT @RickiiBobbii24: @Beautiful_Znaa 😂😂 bruh that's just how I talk,0.442,Negative
5.12239e+17,Negative,@_Sophh_ honk📣📯😷,0.12899999999999998,Neutral
5.12299e+17,Positive,Yall niggas really struggling with the IOS 8 Download 😂😂😂,0.663,Neutral
5.12024e+17,Positive,@0402____ want me to put up them screen shots ? 😂,0.221,Neutral
5.12457e+17,Neutral,@wildfo_xx At least eat something light 😔,-0.146,Negative
5.13866e+17,Neutral,@caitlinkline63 #loser 😂😂 jk Caitlin calm down,0.442,Positive
5.11652e+17,Positive,Don't nobody kiss it like you 🔫🔫🔫💋,0.10799999999999998,Negative
5.11915e+17,Neutral,quisha do not be playing when she find out august gonna be in concert 😩,-0.368,Negative
5.13827e+17,Neutral,"Hi, @AustinMahone 
I love you very much ❤
Follow me please 😭😭
✨ I'm from Brazil ✨ x439",0.52,Positive
5.14444e+17,Neutral,Leeds // The UK need to open a #JambaJuice!!!!! 💕 http://t.co/BAVXduhGdV,0.633,Positive
5.1302e+17,Positive,Noodles Be On POINT 👌💯,0.6849999999999999,Neutral
5.1513e+17,Neutral,@AliyahCab no way me to love😊,0.645,Positive
5.14358e+17,Neutral,RT @ThatSarcasmDude: Elementary: 👫👬👭👫👬👭 Highschool: 👫👬👭👫 College: 👫👬 After College: 🚶,2.3179999999999996,Positive
5.1369e+17,Negative,@savannah_102_ ew hate that picture .. And you ✋😉💗,1.25,Positive
5.13075e+17,Neutral,@Sukanaalmo @Kevinh_Chung not full grown out yet but I will soon 🙏 inshallah,0.418,Positive
5.14101e+17,Positive,"Went to the confectionary for a caramel apple and came home with a caramel apple, sour watermelons, and a sea monster 😭 #happenseverytime",-0.093,Negative
5.14593e+17,Neutral,"RT @_trellzzz: we argue 😤, we fight 👊, &amp; Then we make up by The end of The night💏🙊, y'all Don't know what WE got ☺😉",1.338,Positive
5.12267e+17,Neutral,Convos with mono are the best 👌,0.564,Positive
5.14262e+17,Neutral,@jaegarzane she doesn't get that I want nothing to do with her😁,0.45,Negative
5.1227e+17,Neutral,Check out contesty entry from ; emz || $t4rbur$t ]]🍓 on Flirt Chase. http://t.co/jR1mH2Dfnv,0.691,Negative
5.11517e+17,Negative,RT @emily_chamblee: The girls that say Luke Bryan is the cutest are bandwaggoners bc you obviously haven't seen Dustin Lynch. 😍💞,1.42,Positive
5.11625e+17,Negative,"RT @_madnessss: @James_Yammouni
@Faydee 
#MadeInAus💕
pls
pls
pls
pls
pls
pls
pls
pls
pls
pls
pls
pls
pls
pls
pls
NOTICE ME THIS TIME 😭
x3",0.54,Neutral
5.14763e+17,Neutral,RT @Deja_Michelle_: @its_gigibae I miss you too bitch 😊,0.645,Negative
5.11851e+17,Neutral,"💜💜💜💜💜

@ArianaGrande 

follow me please

I love you so much 

💜💜💜💜💜

x10",3.9360000000000004,Positive
5.14221e+17,Neutral,@SelenaNicole_ ooooooo.... 😟 you sick ! I woulda just ordered some wings 😂😂😂😂😂,0.738,Positive
5.11735e+17,Neutral,“@TabloidLegend_: @BRich 😂yup !”😂😂😂😂😂 I hate em where are they from,0.884,Positive
5.13682e+17,Negative,RT @SammyTellem: sometimes we should be really really grateful...😥💔🙏 http://t.co/oWa9gWsN37,0.419,Positive
5.12465e+17,Positive,"*Waits for money to get clothes and pay bills before they're due*
*Money comes in*
*Doesn't want to spend a dime* 
😑😂",-0.093,Negative
5.12256e+17,Positive,OMG BRITNEY LOOKS SO FUCKING GOOD HEREEEE 😩😩😩😩😍 http://t.co/0jD8W8vS7l,-0.42600000000000005,Negative
5.14453e+17,Neutral,Is she still alive? 😱 http://t.co/K3R8QcM7ab #JT2020Tour,0.19,Negative
5.15043e+17,Positive,😩😩😩😂😂Why my 100Grand so Funny she Crazy,-0.6620000000000001,Negative
5.11684e+17,Negative,RT @TedOfficialPage: ON POINT! 😩👏 http://t.co/PkmIEEFqAX,0.15300000000000002,Positive
5.11752e+17,Neutral,@ZuRdO_AzEnOn dude  Jesse is something else 😂😂😂👊,0.892,Positive
5.12827e+17,Negative,RT @Da_Young_Nino: 🐍 niggas! Gotta watch 'em!,0.382,Positive
5.13344e+17,Neutral,"Joe the barber said he hadn't seen me in so long. Told him dispatch, patrol, and now gate again. He said I must be valuable to be moveable 😂",0.221,Positive
