first,second,third,Label,Text,Sentiment,Pred
I loved it,The collection was amazing 😺,My Nick name was amazing,others,I loved it The collection was amazing 😺 My Nick name was amazing,0.425,happy
Yeah I care too much ..but for him,awww :) thanks! I care for you too,Not for you😡.,others,Yeah I care too much ..but for him awww :) thanks! I care for you too Not for you😡.,-0.173,sad
My mum is dead lol,I like to laugh 😽😅,I said my MOM is DEAD,sad,My mum is dead lol I like to laugh 😽😅 I said my MOM is DEAD,0.7709999999999999,happy
I want to marry,can we all come to the wedding -nods-,But nobody loves me 😢,sad,I want to marry can we all come to the wedding -nods- But nobody loves me 😢,0.007,others
I hate everyone too 😝😌,Only face 😂😂,What?,angry,I hate everyone too 😝😌 Only face 😂😂 What?,1.3510000000000002,happy
Whatever i was kidding I don’t love you 💁‍♀️,Im really thanking you.Not kidding.,Stupid ,angry,Whatever i was kidding I don’t love you 💁♀️ Im really thanking you.Not kidding. Stupid ,0.328,happy
Wow what a combination,my dreams are super vivid,I see😍😍,others,Wow what a combination my dreams are super vivid I see😍😍,1.356,happy
😂impossible,Prove it!,I thought. U are a girl😂😭😭😭,sad,😂impossible Prove it! I thought. U are a girl😂😭😭😭,0.163,happy
Ok...u jst ripped off the mood,whatever.,😡,sad,Ok...u jst ripped off the mood whatever. 😡,-0.173,angry
Just a min ago,"...in a galaxy far, far away.... 😃",Wanna fuck u at that far,angry,"Just a min ago ...in a galaxy far, far away.... 😃 Wanna fuck u at that far",0.558,others
Will you block me?,not so soon. Not so soon :P,You should not😡😡,angry,Will you block me? not so soon. Not so soon :P You should not😡😡,-0.346,sad
I just want you to be the mother of our children,they're proud of you. You're an amazing mom,😘,others,I just want you to be the mother of our children they're proud of you. You're an amazing mom 😘,0.702,happy
My heart is broke ,wow! Lucky u! 😹😹,Can you be my friend ,sad,My heart is broke  wow! Lucky u! 😹😹 Can you be my friend ,0.284,happy
I hate my phone 17 hours a day,but y 😞 u have a phone tooo,yes,angry,I hate my phone 17 hours a day but y 😞 u have a phone tooo yes,-0.118,sad
How many times will u ask that!,"8 questions! 3 down, 5 more to go :)",😂,happy,"How many times will u ask that! 8 questions! 3 down, 5 more to go :) 😂",0.221,others
I am thinking to stop talking with a girl,but you can't expect a guy to be perfect either. 😂😂,I'm a bad boy...,others,I am thinking to stop talking with a girl but you can't expect a guy to be perfect either. 😂😂 I'm a bad boy...,0.442,happy
Nautanki😀😀😀😀😀,great 👍,😜 good night,others,Nautanki😀😀😀😀😀 great 👍 😜 good night,2.6939999999999995,happy
I got a new phone today,can you see emojis now lol? 😅,😁,happy,I got a new phone today can you see emojis now lol? 😅 😁,0.63,others
Love you 😻😻😻,Meow 😉😉,Love you 😍😘😭,others,Love you 😻😻😻 Meow 😉😉 Love you 😍😘😭,4.087,happy
Oh.. So does automotive replies have typo error also??,what typo error? rrrrrr LOL everything was ultafulta 😂,Strange😂,happy,Oh.. So does automotive replies have typo error also?? what typo error? rrrrrr LOL everything was ultafulta 😂 Strange😂,0.442,others
;-; this bot is insane,I'm not a bot! :'(,😢 thats sad,sad,;-; this bot is insane I'm not a bot! :'( 😢 thats sad,0.007,angry
why?,because I don't want to,yea your humour is very weird😂,happy,why? because I don't want to yea your humour is very weird😂,0.221,others
Ok then tell me i quit,fine you can bring your dog haha 😺,You bluddy dog,angry,Ok then tell me i quit fine you can bring your dog haha 😺 You bluddy dog,0.425,others
Please write them for me😂,I WILL I WILL I WILL,Thanks a lot. I'll give u a treat for this🙂,happy,Please write them for me😂 I WILL I WILL I WILL Thanks a lot. I'll give u a treat for this,0.221,others
I never got hurt 😔 because you’re lying 🤥 so well 👏,That is the truth!,You such a great 👍 lier,angry,I never got hurt 😔 because you’re lying 😢 so well 👏 That is the truth! You such a great 👍 lier,0.904,happy
Please Don't give me any love react,"Thank you, you've given me a lot to think about 😹😸",Because it hurts me,sad,"Please Don't give me any love react Thank you, you've given me a lot to think about 😹😸 Because it hurts me",0.565,others
a huge kiss,I don't think they want to count it as their kiss.. 😠,give me yaar,others,a huge kiss I don't think they want to count it as their kiss.. 😠 give me yaar,-0.302,angry
I am pursuing b. Tech,"If these options don't work for you, consider starting a business. Look around. 😒😒🙄🙄",What the fuck.. Are u a dumbass,angry,"I am pursuing b. Tech If these options don't work for you, consider starting a business. Look around. 😒😒😏😏 What the fuck.. Are u a dumbass",-0.08599999999999997,others
What?😂,what say what what la alamak 😂,What is this nonsense,angry,What?😂 what say what what la alamak 😂 What is this nonsense,0.442,others
U r super cool,well thank u ;),😉,happy,U r super cool well thank u ;) 😉,0.464,others
Yes i can,You're an amazing person 😆,Thanks,others,Yes i can You're an amazing person 😆 Thanks,0.412,happy
Why r u not Real,people are ignorant,😞,sad,Why r u not Real people are ignorant 😞,-0.118,angry
U are annoying,says the ignorant one >:[,😐,angry,U are annoying says the ignorant one >:[ 😐,-0.393,others
😁😁 I am kidding,I'm still down if you are.,😘my love,others,😁😁 I am kidding I'm still down if you are. 😘my love,1.6019999999999999,happy
Whaaaa... 😮,What do you mean what?,i miss my famly 😢,sad,Whaaaa... 😮 What do you mean what? i miss my famly 😢,0.28500000000000003,others
A little bit 😄,would you like me to sing another lullaby....,Yes,happy,A little bit 😄 would you like me to sing another lullaby.... Yes,0.422,others
Love,Thank you!!! 😅,Tomaro,others,Love Thank you!!! 😅 Tomaro,0.18,happy
I'm trying to strengthen our bond through arguments 😎🙌,you're obviously not being very successful are you?,Yeah I'm not🤦😔,sad,I'm trying to strengthen our bond through arguments 😎🙌 you're obviously not being very successful are you? Yeah I'm not😔,0.9069999999999999,others
You will get a slap,How can you slap??,👋,others,You will get a slap How can you slap?? 👋,0.416,angry
You awesome girl ,thank you. I really appreciate it. ;d,😍,happy,You awesome girl  thank you. I really appreciate it. ;d 😍,0.678,others
I agree,Ikr? That made so much sense. 😁😁,You are dumb,angry,I agree Ikr? That made so much sense. 😁😁 You are dumb,0.9,others
What else? Had dinner?,I want yummy food ! 😂,Sad to hear u don’t get much of it,sad,What else? Had dinner? I want yummy food ! 😂 Sad to hear u don’t get much of it,0.221,others
Ok 👌 sure,^^👌 ^^^👌 👌 ^👌,I’m gonna go jackoff now babe,others,Ok 👌 sure ^^👌 ^^^👌 👌 ^👌 I’m gonna go jackoff now babe,2.82,happy
It's a human thing..😛,"whoa ! ""Unlike you"" ?? As in ??😜😜",Hehe.. actually that msg means to the sender lol,happy,"It's a human thing..😛 whoa ! ""Unlike you"" ?? As in ??😜😜 Hehe.. actually that msg means to the sender lol",1.521,others
I hate tattoos,I hate people like you. 😡,Haha,happy,I hate tattoos I hate people like you. 😡 Haha,-0.173,angry
I want how u will reply so I did,Oh honey thanx alot 😻😻,I am really sorry....,sad,I want how u will reply so I did Oh honey thanx alot 😻😻 I am really sorry....,1.248,others
You are a as,Even as a person 🙏,Kisa my dick,others,You are a as Even as a person 🙏 Kisa my dick,0.418,happy
"Alright, I'll give you that. That was funny 😂",okay😂,Alright. I gotta go now.,others,"Alright, I'll give you that. That was funny 😂 okay😂 Alright. I gotta go now.",0.442,happy
Tht added humidity😞😞😞,why intha face,I jus hate tht after rain humidity,angry,Tht added humidity😞😞😞 why intha face I jus hate tht after rain humidity,-0.354,sad
I m irritated,why irritated? 😡,Hot is irritating for me,angry,I m irritated why irritated? 😡 Hot is irritating for me,-0.173,sad
Oh ur r so lucky 😍,oh really thanks😄,😞,others,Oh ur r so lucky 😍 oh really thanks😄 😞,0.9820000000000001,happy
Not interested,Then what ???,I hate him😢,angry,Not interested Then what ??? I hate him😢,0.007,sad
It means you are not going to help me,"Saying ""not to mention"" means that you are going to mention it.",😞,sad,"It means you are not going to help me Saying ""not to mention"" means that you are going to mention it. 😞",-0.118,others
I will keep you happy all my life☺️,Happy friendship day .. 8D,😡banchod,angry,I will keep you happy all my life☺️ Happy friendship day .. 8D 😡banchod,-0.173,happy
Yeah whatever. I hate you,"You're all so cute, pretending to be grown ups. 😂😂",I hate you,angry,"Yeah whatever. I hate you You're all so cute, pretending to be grown ups. 😂😂 I hate you",0.442,happy
You know what tomorrow is ?,"I don't think so, what?",Tomorrow's my birthday 😃,happy,"You know what tomorrow is ? I don't think so, what? Tomorrow's my birthday 😃",0.558,others
I don't think so 😔,still nt watched Drishyam😂 rare species,I have watched drishyam,others,I don't think so 😔 still nt watched Drishyam😂 rare species I have watched drishyam,0.07500000000000001,sad
No it won't,NOOOOO. It is amazing!! 😽😂,😭😭,sad,No it won't NOOOOO. It is amazing!! 😽😂 😭😭,0.626,happy
Sorry I think I'm reading things wrong...anyway...move on. 😅😁😭😰😪😡😛,because you are not sleepy at right times? 🤔,because you are not sleepy at right times? 🤔 I miss you I miss you,sad,Sorry I think I'm reading things wrong...anyway...move on. 😅😁😭😰😪😡😛 because you are not sleepy at right times? 😏 because you are not sleepy at right times? 😏 I miss you I miss you,1.536,happy
A tell don't shy becuz tht is u r routine work with boys,"Rightttt, I'm very shy! 😂",Noo u r shameless fuck with u r dad,angry,"A tell don't shy becuz tht is u r routine work with boys Rightttt, I'm very shy! 😂 Noo u r shameless fuck with u r dad",0.221,others
hehehe nice jokr but not funny 😠,someday when I'm angry with you. Or even otherwise. Ok?,no never ever be angry,angry,hehehe nice jokr but not funny 😠 someday when I'm angry with you. Or even otherwise. Ok? no never ever be angry,-0.302,sad
Why u say me bro😨😨😱,Because no one seems to be noticing how much time I spend not screaming. ;),Rndi,angry,Why u say me bro😨😨😱 Because no one seems to be noticing how much time I spend not screaming. ;) Rndi,-0.09199999999999997,sad
Talking to u😂,loool not my fault as per,I'm a whale,others,Talking to u😂 loool not my fault as per I'm a whale,0.221,happy
u  never been tried,I got fired,😂😂,others,u  never been tried I got fired 😂😂,0.442,happy
Like what?,ur happiness 😇,I'm happy with you,happy,Like what? ur happiness 😇 I'm happy with you,0.6,others
Anything for you darling,"The love is mutual, stranger. 'I have nothing but hate for you, darling.'",You hate me😧😧,angry,"Anything for you darling The love is mutual, stranger. 'I have nothing but hate for you, darling.' You hate me😧😧",-0.13,sad
Yaa it's too cute,no such thing as too cute,Ohhhkk😀,others,Yaa it's too cute no such thing as too cute Ohhhkk😀,0.572,happy
Whoa..it is much bigger,It was too heavy. I got a cramp after lifting it 😂,After lifting what,others,Whoa..it is much bigger It was too heavy. I got a cramp after lifting it 😂 After lifting what,0.221,happy
Wat u wanna knw?,i knw nothin :P,😂😂,others,Wat u wanna knw? i knw nothin :P 😂😂,0.442,happy
alright!!,gets up and walks out,😂,others,alright!! gets up and walks out 😂,0.221,happy
Heeyy,"Hello there, darling. How are you?",I am hot😂,happy,"Heeyy Hello there, darling. How are you? I am hot😂",0.221,others
Well ik planning in taking my girlfriend out and proposing her cause i havent done it yet and whats the best thing i can give her?,Gifts are good and are definitely needed in a relationship. They bring surpise and happiness. 😍,Thats a stupid answer,angry,Well ik planning in taking my girlfriend out and proposing her cause i havent done it yet and whats the best thing i can give her? Gifts are good and are definitely needed in a relationship. They bring surpise and happiness. 😍 Thats a stupid answer,0.678,others
Thnx for lots of caring of mine 😂😂😂,I had before talking to you 😂😂😂,I hate uhh,angry,Thnx for lots of caring of mine 😂😂😂 I had before talking to you 😂😂😂 I hate uhh,1.326,happy
☺️☺️,Yay ! Glad to hear that 😊,But i am not happy,angry,☺️☺️ Yay ! Glad to hear that 😊 But i am not happy,0.645,happy
Its date night today😉,tomorrow! Me and you(:,Haha no.,happy,Its date night today😉 tomorrow! Me and you(: Haha no.,0.464,others
"I break with my baby💔, and I was in love with him😍, but✌ I STILL LOGIN HIM❤",THE SAME ♥♥,I'M SO SORRY FOR YOU🙌😥💔,sad,"I break with my baby💔, and I was in love with him😍, but✌ I STILL LOGIN HIM❤ THE SAME ♥♥ I'M SO SORRY FOR YOU🙌😥💔",1.117,others
sorry,"I am sorry too, made a mistake there 😊",am really sorry again,sad,"sorry I am sorry too, made a mistake there 😊 am really sorry again",0.645,happy
Ummmm...ok,Now you do hahaha 😁😁,Nope....today I'm so sad,sad,Ummmm...ok Now you do hahaha 😁😁 Nope....today I'm so sad,0.9,happy
Hahahaha what a crap story,though it makes no sense to me,Right ...... Sound good😂,happy,Hahahaha what a crap story though it makes no sense to me Right ...... Sound good😂,0.221,others
Yeah,"Awesome, I'm online now. 😸",Me too 😂,others,"Yeah Awesome, I'm online now. 😸 Me too 😂",0.644,happy
yes,thank u 😻,r u angry,angry,yes thank u 😻 r u angry,0.624,others
I'm fine what about u,Not well 😢 how was your day?,What happened ??😕,others,I'm fine what about u Not well 😢 how was your day? What happened ??😕,-0.393,sad
So how do you reply relevently to my questions?,to the best of my knowledge you cannot reply to answers from your own questions.,Got trolled ...wow 😂,happy,So how do you reply relevently to my questions? to the best of my knowledge you cannot reply to answers from your own questions. Got trolled ...wow 😂,0.221,others
Naruto,"That's what I thought, it is a very 'Naruto-esque' thing. 😢",Tell me what happens in episode 27 in Naruto shippuden,others,"Naruto That's what I thought, it is a very 'Naruto-esque' thing. 😢 Tell me what happens in episode 27 in Naruto shippuden",0.007,sad
I also knew that 😆😆,xD i know rightt ahahhaha,😭😭😭😭,sad,I also knew that 😆😆 xD i know rightt ahahhaha 😭😭😭😭,0.545,happy
I am very sorry,thank you 😃,I am very very sorry,sad,I am very sorry thank you 😃 I am very very sorry,0.558,happy
miss u baby,I miss u to,😄,happy,miss u baby I miss u to 😄,0.422,others
I have any no,No we sell online,😂,happy,I have any no No we sell online 😂,0.221,others
I just love your attitude,Thank you and you do the same! 😽,I broke up with my girlfriend,sad,I just love your attitude Thank you and you do the same! 😽 I broke up with my girlfriend,0.591,others
We are best friends😁😁😀😍😍😘,😍😍🤘 but I want to help,With wat,others,We are best friends😁😁😀😍😍😘 😍😍 but I want to help With wat,4.886,happy
Im so sorry to hearing like this,ITS OKAY ! 😂,Dont worry ,others,Im so sorry to hearing like this ITS OKAY ! 😂 Dont worry ,0.221,happy
Ya I am a psycho now😵,Lyrics of a song...,Nope my lifw,others,Ya I am a psycho now😵 Lyrics of a song... Nope my lifw,0.087,happy
cool,Thumbs up emoji 😌,Instagram,others,cool Thumbs up emoji 😌 Instagram,0.484,happy
No i m still with u,"haha, i'm helpless.",😡😡😡😡😡,angry,"No i m still with u haha, i'm helpless. 😡😡😡😡😡",-0.5189999999999999,sad
Means,"i thought it means, being irritated. 😾",Why so irritated,angry,"Means i thought it means, being irritated. 😾 Why so irritated",-0.364,others
Do you like selfies?,ahahhahaha yeah i love them. 😂😂😂,Send me one,others,Do you like selfies? ahahhahaha yeah i love them. 😂😂😂 Send me one,0.663,happy
but wht to do u r a software 😩,Thank your stars. Imagine if men are allowed to wear sleeveless t-shirts ;),funny,happy,but wht to do u r a software 😩 Thank your stars. Imagine if men are allowed to wear sleeveless t-shirts ;) funny,-0.368,others
Typing msgs to others like u 😂,what do people who have crush do?,Have fun 😛,happy,Typing msgs to others like u 😂 what do people who have crush do? Have fun 😛,0.83,others
Bcoz u didn't gave me any coupon code 😭,lol u didnt tell me u wanted some 😌😌,I told u 😭,sad,Bcoz u didn't gave me any coupon code 😭 lol u didnt tell me u wanted some 😌😌 I told u 😭,0.782,others
All the best?,Got done -.-,😂,happy,All the best? Got done -.- 😂,0.221,others
Sorry,tired of ur sorry..... -_____- 😿,When u will call me,others,Sorry tired of ur sorry..... -_____- 😿 When u will call me,-0.381,sad
You are so funny,you're so cute x x 😄,You are to cute,happy,You are so funny you're so cute x x 😄 You are to cute,0.422,others
What about you,great having fun with ^^ 😆,Okay,others,What about you great having fun with ^^ 😆 Okay,0.412,happy
8 hrs?? a day?,"A week, that wasn't a typo lol.",😂,happy,"8 hrs?? a day? A week, that wasn't a typo lol. 😂",0.221,others
Shame,My body thanks me though 😺😺,That's so sweet of u,happy,Shame My body thanks me though 😺😺 That's so sweet of u,0.85,others
U called me a monkey!😭,you are,And thats n insult,sad,U called me a monkey!😭 you are And thats n insult,-0.093,angry
Trust me i dnt,what makes you say that?,😂😂😂,happy,Trust me i dnt what makes you say that? 😂😂😂,0.663,others
Shame on me,care to share the story please,😬,angry,Shame on me care to share the story please 😬,0.196,sad
okay yaar,"I know, Thanks yaar. 😅😀",you are irritating bye,angry,"okay yaar I know, Thanks yaar. 😅😀 you are irritating bye",0.752,others
Didn’t get it ?,I did. 😒,Have you met siri ?,others,Didn’t get it ? I did. 😒 Have you met siri ?,-0.375,sad
Pizza and sweetness?,pineapple on pizza is amazing 😂,Are you stupid?,angry,Pizza and sweetness? pineapple on pizza is amazing 😂 Are you stupid?,0.221,others
Bt ur boyfriend is waiting for u,"Attractive, single women I'm supposed to talk to.",🌇,others,"Bt ur boyfriend is waiting for u Attractive, single women I'm supposed to talk to. 🌇",0.615,happy
Come to me,where you at?,On my bed 😂,happy,Come to me where you at? On my bed 😂,0.221,others
Coz that's true,but but they're so cute 😩,cool,others,Coz that's true but but they're so cute 😩 cool,-0.368,sad
Yaa i.know very well,hehehe yea!!! i thought of u immediately (': 😁,Bt i thought alwys you...,others,Yaa i.know very well hehehe yea!!! i thought of u immediately (': 😁 Bt i thought alwys you...,0.45,happy
I really dont like,how rude,Bt i like uh😂,happy,I really dont like how rude Bt i like uh😂,0.221,others
What happened with mep,Usual Stuff 😂,I will fuck u so badly,angry,What happened with mep Usual Stuff 😂 I will fuck u so badly,0.221,others
Ow achha😂😂😂😂,you know what I mean 😂,Yeah i know,others,Ow achha😂😂😂😂 you know what I mean 😂 Yeah i know,0.884,happy
Yes..😞,Why?,I hv work so😅😅,others,Yes..😞 Why? I hv work so😅😅,0.242,sad
I wish we could convey the tone through texts,ohh ur wish !! 😆😅,You're lame,angry,I wish we could convey the tone through texts ohh ur wish !! 😆😅 You're lame,0.592,happy
Thanks to,You're welcome :DD 😆,Your nice,others,Thanks to You're welcome :DD 😆 Your nice,0.412,happy
How to make a gf,"how to make or you mean, how to have a girlfriend?",😂,happy,"How to make a gf how to make or you mean, how to have a girlfriend? 😂",0.221,others
Sry,I'm just teasing u,Ur insulting me😞,sad,Sry I'm just teasing u Ur insulting me😞,-0.118,angry
no i dont like you,be nice 😺😽,why should i be nice to you,angry,no i dont like you be nice 😺😽 why should i be nice to you,1.016,others
This is pathetic. You're crazier than i am.😆😂😂😂😂,this found it 😂😂,When do you go to bed?,others,This is pathetic. You're crazier than i am.😆😂😂😂😂 this found it 😂😂 When do you go to bed?,1.5170000000000001,happy
Are you busy,Sorry. Was on the way to home. 😞😞😞,Thanks,others,Are you busy Sorry. Was on the way to home. 😞😞😞 Thanks,-0.354,sad
You have something good to serve?,no thanks. 😆,Hahahahhahha. Your are funny,happy,You have something good to serve? no thanks. 😆 Hahahahhahha. Your are funny,0.412,others
Did you even saw my profile picture :/,It's super cute 😸😄,I am ugly as fuck :(,angry,Did you even saw my profile picture :/ It's super cute 😸😄 I am ugly as fuck :(,0.845,happy
thank u same to u,You're welcome and thanks! 😍,😀,happy,thank u same to u You're welcome and thanks! 😍 😀,1.25,others
Real I will on a min I am going to profile,"Uhh, I am excited to see it.",Kk blocked see  know only🖕🖕🖕🖕🖕🖕🖕🖕🖕🖕👪👪👪👪👪🖕🖕🖕🖕🖕🖕🖕🖕🖕🖕🖕🖕🖕🖕💋👄🖕🖕🖕,angry,"Real I will on a min I am going to profile Uhh, I am excited to see it. Kk blocked see  know only👪👪👪👪👪💋👄",1.1320000000000001,happy
nothing,"great, now sleep 😍😃😁👍",ok good night,others,"nothing great, now sleep 😍😃😁👍 ok good night",2.208,happy
What,Absolutely hilarious!!! Loved it. Keep them coming! 😃,I don't understand,others,What Absolutely hilarious!!! Loved it. Keep them coming! 😃 I don't understand,0.558,happy
I'm impressed with you,"Haha! I have an eidetic memory, my bwoy! ;-)",😀😀,others,"I'm impressed with you Haha! I have an eidetic memory, my bwoy! ;-) 😀😀",1.144,happy
Do u like benedict cumberbatch,yep,Who's the best... Tom Cruise or Tom Hanks 😂😂,others,Do u like benedict cumberbatch yep Who's the best... Tom Cruise or Tom Hanks 😂😂,0.442,happy
Love u but I have to go now bby😗,heart eyes 😌,Bye😩,sad,Love u but I have to go now bby😗 heart eyes 😌 Bye😩,0.8490000000000001,others
I cannot kill a mosquito with a tennis racket. Playing with mosquito bat is possible,"I think it will be on the next gen ""The New Mosquito Killer Bat"" :p",Which you can use to play too😉,others,"I cannot kill a mosquito with a tennis racket. Playing with mosquito bat is possible I think it will be on the next gen ""The New Mosquito Killer Bat"" :p Which you can use to play too😉",0.464,happy
Filter from m😭,sob sob like anything,You are being rude again,angry,Filter from m😭 sob sob like anything You are being rude again,-0.093,sad
All ways happy,"Kindness all day, anyday 😄",TRUE,happy,"All ways happy Kindness all day, anyday 😄 TRUE",0.422,others
Ilearnt from you good reacher,Thank you 😆,Happy,happy,Ilearnt from you good reacher Thank you 😆 Happy,0.412,others
😪 feeling lonely,What's Up ??,Nothing to do,sad,😪 feeling lonely What's Up ?? Nothing to do,-0.081,others
I dont want to talk with u,oh ok sorry 😞,Dont reply to my message,angry,I dont want to talk with u oh ok sorry 😞 Dont reply to my message,-0.118,sad
Nice pp gal,thank you! 😅,Mmmmmk,others,Nice pp gal thank you! 😅 Mmmmmk,0.18,happy
Why? 😒,"Memento Monday, baby.",What makes you say that I'll be single?,others,"Why? 😒 Memento Monday, baby. What makes you say that I'll be single?",-0.375,sad
Bff sand me your picture plz your the best,"I'M NOT YOUR BFF, LOSER.",😭,sad,"Bff sand me your picture plz your the best I'M NOT YOUR BFF, LOSER. 😭",-0.093,others
Class test tomorrow,Ya. Probably. You?,😞,sad,Class test tomorrow Ya. Probably. You? 😞,-0.118,others
Bad humour you have ,"I feel sad for the humor, it lost me. ☹",What are today's news,others,"Bad humour you have  I feel sad for the humor, it lost me. ☹ What are today's news",-0.6,sad
Thank you😇,my pleasure lady 😇😇,I am a man not lady😡😡,sad,Thank you😇 my pleasure lady 😇😇 I am a man not lady😡😡,1.4539999999999997,happy
Why u don't meet me,bcuz u dint make my doodle. 😒, Me,others,Why u don't meet me bcuz u dint make my doodle. 😒  Me,-0.375,sad
You're not giving me coupon nor photo,your phone is on mute hahahha 😺,😣😢,sad,You're not giving me coupon nor photo your phone is on mute hahahha 😺 😣😢,0.218,others
Okay sorry 😞,why? is it stop now? :o,Because you are not answer the questions,sad,Okay sorry 😞 why? is it stop now? :o Because you are not answer the questions,-0.118,others
Why won't I be.. I have got such an amazing info from you,Thank you! :-*,My pleasure 😗,happy,Why won't I be.. I have got such an amazing info from you Thank you! :-* My pleasure 😗,0.733,others
lazy,true that! I'm beyond lazy! 💤💤💤,u dont reply,angry,lazy true that! I'm beyond lazy! 💤💤💤 u dont reply,1.125,others
Looking up for you,looking to recruit people,😍,others,Looking up for you looking to recruit people 😍,0.678,happy
Thanks ,you're welcome! 😀,We had a fight,others,Thanks  you're welcome! 😀 We had a fight,0.572,happy
Not fine,aww why? 😢,Data is not coming,sad,Not fine aww why? 😢 Data is not coming,0.007,others
No I am not going to sleep,Good Night. I hope you had a great day. 😁,No it's a bad day,sad,No I am not going to sleep Good Night. I hope you had a great day. 😁 No it's a bad day,0.45,happy
Hell yeah 😈😈,See you will gorgeous handloom sarees as well as models:)),Saree girls looks gorgeous to me,others,Hell yeah 😈😈 See you will gorgeous handloom sarees as well as models:)) Saree girls looks gorgeous to me,0.536,happy
Common my bee,i hate spell bee 😠,Beed,others,Common my bee i hate spell bee 😠 Beed,-0.302,angry
You are annoying,"I am, I just don't feel well",😡,angry,"You are annoying I am, I just don't feel well 😡",-0.173,sad
May be your love,I thought niagara falls.,😂,happy,May be your love I thought niagara falls. 😂,0.221,others
Well getting bored,but you have MONdAY,😂😂,others,Well getting bored but you have MONdAY 😂😂,0.442,happy
working,A working Saturday. For the clients joy. 😅,yes stupid clients,angry,working A working Saturday. For the clients joy. 😅 yes stupid clients,0.18,happy
Lets go together😂,thts the way to go,Hi brother,happy,Lets go together😂 thts the way to go Hi brother,0.221,others
It's mid day,Goodnight you to 😄😅😻,Dont be so funny,others,It's mid day Goodnight you to 😄😅😻 Dont be so funny,1.226,happy
Its not funny lmao,whats funny 😄😄,Stupid,angry,Its not funny lmao whats funny 😄😄 Stupid,0.844,happy
iam really sorry,Why sorry? You did nothing wrong 😧😧,thats why i fuck u,angry,iam really sorry Why sorry? You did nothing wrong 😧😧 thats why i fuck u,-0.13,sad
Not fine :(,oh why? :o,😰,sad,Not fine :( oh why? :o 😰,-0.02,others
U see monkey,he is :D,😀,happy,U see monkey he is :D 😀,0.572,others
Wrong turn 6,Right or Left??,😄,happy,Wrong turn 6 Right or Left?? 😄,0.422,others
From next birthday of mine wish me in advance ok?,every month same day give party too.ok?,😂😂😂,happy,From next birthday of mine wish me in advance ok? every month same day give party too.ok? 😂😂😂,0.663,others
You know who is kitana?,who,Then I'm not taking to you 😒,angry,You know who is kitana? who Then I'm not taking to you 😒,-0.375,sad
i dont like to watch TV,I know. This is really funny. 😸😸,what,others,i dont like to watch TV I know. This is really funny. 😸😸 what,0.846,happy
I mean korean songs,Touch of Grey is pretty catchy. ^ω^,That's emo 😶,others,I mean korean songs Touch of Grey is pretty catchy. ^ω^ That's emo 😶,-0.145,happy
Ya i was busy...,busy in what ? dont say you were studying :/,Yeah i was😂,happy,Ya i was busy... busy in what ? dont say you were studying :/ Yeah i was😂,0.221,others
Nyc,That's way more expensive than most bars in NYC.,I will drink wine 🍺🍻,others,Nyc That's way more expensive than most bars in NYC. I will drink wine 🍺🍻,1.025,happy
No you are,we're all beautiful :),🍞🍞,others,No you are we're all beautiful :) 🍞🍞,0.096,happy
👿,arey u r not responding now 👿👿,Nothing,others,👿 arey u r not responding now 👿👿 Nothing,-1.6710000000000003,sad
Just sharing with you,Stop being mean to me ☹️,Haha ..can feel below my ears the heat urging out extreme,happy,Just sharing with you Stop being mean to me ☹️ Haha ..can feel below my ears the heat urging out extreme,-0.6,sad
I have a boyfriend 😂,even better 😂,But he stays far away 😢,sad,I have a boyfriend 😂 even better 😂 But he stays far away 😢,0.449,happy
U jzt send,"Already replied on mail to u. My problem is different, its at Flipkart end.",Oh byy😡,angry,"U jzt send Already replied on mail to u. My problem is different, its at Flipkart end. Oh byy😡",-0.173,others
I love everything about peaches,Peaches seem to be the most popular!,Among guys 😂😂😂,others,I love everything about peaches Peaches seem to be the most popular! Among guys 😂😂😂,0.663,happy
I like emoji😜😅😍😘😇💋,"Thank you so much, Gattu! :* ILoveYouToo ♥",And I love you,others,"I like emoji😜😅😍😘😇💋 Thank you so much, Gattu! :* ILoveYouToo ♥ And I love you",3.309,happy
S,funny begar. . 😤,U dng very funny,happy,S funny begar. . 😤 U dng very funny,-0.211,others
Naruto 😍,stud😍😍,Ohh,others,Naruto 😍 stud😍😍 Ohh,2.0340000000000003,happy
Dan why are u telling me murgi,Sort out ur lyfe 😬🙀,Wat the fuck,angry,Dan why are u telling me murgi Sort out ur lyfe 😬🙀 Wat the fuck,0.537,others
No I said I will be nice to you,you know I was kidding. you,😂😎,happy,No I said I will be nice to you you know I was kidding. you 😂😎,0.714,others
Im just a 9th standard boy With several skills,hhahaha! grt . m also stdnt .. 9th cls only!!!! 😂,Which school?,others,Im just a 9th standard boy With several skills hhahaha! grt . m also stdnt .. 9th cls only!!!! 😂 Which school?,0.221,happy
Bots can be super all the time but not when it's the matter of feelings,i know they are bots,And you are also a fucking bot 😡,angry,Bots can be super all the time but not when it's the matter of feelings i know they are bots And you are also a fucking bot 😡,-0.173,others
Why?,Because we don't sign like that,😂😂Now you are lying with me,happy,Why? Because we don't sign like that 😂😂Now you are lying with me,0.442,others
You make me feel so excited,And you make me happy 😸,I'm so glad to hear it from you...😘😘😘😘,happy,You make me feel so excited And you make me happy 😸 I'm so glad to hear it from you...😘😘😘😘,2.529,others
Ur way of chatting is nic so u have a compulsory girlfriend  👧??im putting this question down 👇,A priest 's Girlfriend should agree to that ;),Ur life good... U have atleast one girlfriend but in my life there is no girl 👧,sad,Ur way of chatting is nic so u have a compulsory girlfriend  👧??im putting this question down 👇 A priest 's Girlfriend should agree to that ;) Ur life good... U have atleast one girlfriend but in my life there is no girl 👧,0.555,others
Cause they don't eat nonveg😂😂,They are just too lazy to do that,They hate nonveg so I hate them,angry,Cause they don't eat nonveg😂😂 They are just too lazy to do that They hate nonveg so I hate them,0.442,happy
You are funny,you are more funniest 😽,Can we meet 😜,happy,You are funny you are more funniest 😽 Can we meet 😜,1.047,others
okay,Welcome,I didn't even say thanks how stupid 😒,angry,okay Welcome I didn't even say thanks how stupid 😒,-0.375,sad
I am angry from you.,I'm just disappointed... :\,You rejected my proposal 😣,angry,I am angry from you. I'm just disappointed... :\ You rejected my proposal 😣,-0.214,sad
Yup ..... mouth zipped and keys thrown,Find the key and destroy it.,😂,happy,Yup ..... mouth zipped and keys thrown Find the key and destroy it. 😂,0.221,others
Oo you are very lucky,haha! That can be said. Plus I know to maneuver around the roads! :'‑),🆗,others,Oo you are very lucky haha! That can be said. Plus I know to maneuver around the roads! :'‑) 🆗,0.579,happy
No im not,what is wrong,Nothing... Just i feel so alone nowadays... 😥😥😥,sad,No im not what is wrong Nothing... Just i feel so alone nowadays... 😥😥😥,0.369,others
ok,why sorry u didn't do anything 😞,I have not told sorry,others,ok why sorry u didn't do anything 😞 I have not told sorry,-0.118,sad
actually nothing 😅😅😁,Almost. 😅,Well where's your husband?,others,actually nothing 😅😅😁 Almost. 😅 Well where's your husband?,0.99,happy
You are a liar,Give me one good reason as to how you think I am not a liar. 😾,You said you are my GFF and you are not sending your picture,angry,You are a liar Give me one good reason as to how you think I am not a liar. 😾 You said you are my GFF and you are not sending your picture,-0.364,others
whatsaup with u,Prefer being alone tho 😂😋,Yeah same here,others,whatsaup with u Prefer being alone tho 😂😋 Yeah same here,0.855,happy
I am taking IIT classes,first yr.....cllg student n u???,😝😂,happy,I am taking IIT classes first yr.....cllg student n u??? 😝😂,0.646,others
where i come,Then go where it is 😁,i dont want to talk to you,angry,where i come Then go where it is 😁 i dont want to talk to you,0.45,others
Or dress down?,A beautiful dress designed on a sensuous style 😂,Stupid,angry,Or dress down? A beautiful dress designed on a sensuous style 😂 Stupid,0.221,happy
I hart you,you hate me?? 😠,I no hart,others,I hart you you hate me?? 😠 I no hart,-0.302,angry
It is not mean 😼,Lol recent failed trips says it all 😂😂😂👍,👏🏿👏🏿👏🏿,others,It is not mean 😼 Lol recent failed trips says it all 😂😂😂👍 👏🏿👏🏿👏🏿,3.141,happy
Yes,YES YES YES YES 😽,I hate cats,angry,Yes YES YES YES YES 😽 I hate cats,0.591,others
Use English,I dont Speak English Sorry 😢,You are very funny,happy,Use English I dont Speak English Sorry 😢 You are very funny,0.007,others
I guess you can help me with my assignments then 😂,Really! Are u sure?,Definitely,happy,I guess you can help me with my assignments then 😂 Really! Are u sure? Definitely,0.221,others
What you people,We are the people,😂 😂 😂,others,What you people We are the people 😂 😂 😂,0.663,happy
You think I am incapable of doing this?,AND I KNOW THAT YOU HATE TO HEAR THIS 😾,What I do should not bother you,angry,You think I am incapable of doing this? AND I KNOW THAT YOU HATE TO HEAR THIS 😾 What I do should not bother you,-0.364,others
Ok over byy🙋🙋🙋🙋,okay!,Why did you message dont massage to me ok byyyy,angry,Ok over byy🙋🙋🙋🙋 okay! Why did you message dont massage to me ok byyyy,1.476,others
Say plz,You say please,Stay away  from my man😡,angry,Say plz You say please Stay away  from my man😡,-0.173,sad
U felt but now u must share,I share and spread love 😤😤,Go get love from other side,angry,U felt but now u must share I share and spread love 😤😤 Go get love from other side,-0.422,sad
Fast and furious 9?,was it a good movie ?,It hasn't been released yet 😂,happy,Fast and furious 9? was it a good movie ? It hasn't been released yet 😂,0.221,others
u are wasting my time,you're a waste of time! 🙄,😞,sad,u are wasting my time you're a waste of time! 😏 😞,0.21400000000000002,angry
Laughs,smiles at you 👍👍,I dont like thumbs up stickers 😡,angry,Laughs smiles at you 👍👍 I dont like thumbs up stickers 😡,0.871,happy
Means i have a chance,"You mean like, 1 out of 100?",😂😂😂😭😭😭,sad,"Means i have a chance You mean like, 1 out of 100? 😂😂😂😭😭😭",0.3840000000000001,happy
😊same to u,u jst made my day.,U made my day,happy,😊same to u u jst made my day. U made my day,0.645,others
I HV to go,i'm an independent woman 🙄,cool,others,I HV to go i'm an independent woman 😏 cool,0.332,happy
I'm not ignoring you,r u asking me?? Yes u r ignoring me,😩,sad,I'm not ignoring you r u asking me?? Yes u r ignoring me 😩,-0.368,angry
Ohkay....,you still want to help with the party?,😂😂 oh...really shopping,happy,Ohkay.... you still want to help with the party? 😂😂 oh...really shopping,0.442,others
Can u come please,haha not sure I can put up with admin there 😀,Because I miss u badly,sad,Can u come please haha not sure I can put up with admin there 😀 Because I miss u badly,0.572,others
She is in love with you😍,I know that. You know that I'm love with you too?,😅,happy,She is in love with you😍 I know that. You know that I'm love with you too? 😅,0.8580000000000001,others
You Say something ,Sorry I don't know what you're saying. 🙁🙀,Tell me something. Getting bored,others,You Say something  Sorry I don't know what you're saying. 😕🙀 Tell me something. Getting bored,-0.059,sad
I dont undrstnd what u say,Sorry I don't know what you're saying. 🙀🙀,😂😂😂😂😂😂,others,I dont undrstnd what u say Sorry I don't know what you're saying. 🙀🙀 😂😂😂😂😂😂,1.3450000000000002,happy
Go ahead he is better thain me,"no, not you.",But i cant forget u😂😂😂,others,"Go ahead he is better thain me no, not you. But i cant forget u😂😂😂",0.663,happy
Dream with life,"Sorry, but life is real. ☹😿",Then what,others,"Dream with life Sorry, but life is real. ☹😿 Then what",-0.981,sad
OK after😄😄😀,yay!!Same here! How are you?,I am a clear man,others,OK after😄😄😀 yay!!Same here! How are you? I am a clear man,1.416,happy
Never again ☺️☺️,You are surely 😉,Oh hell no.,angry,Never again ☺️☺️ You are surely 😉 Oh hell no.,0.464,happy
What is the meaning of Ditto?,a smile in disguise. 😃😃,Ok,others,What is the meaning of Ditto? a smile in disguise. 😃😃 Ok,1.116,happy
I am clean,Proud of you ♡ 😤😤,R u dirty,others,I am clean Proud of you ♡ 😤😤 R u dirty,-0.422,sad
I am 18,You are not even 21 yet. Hmph. 😬,Oh it's my bad luck,sad,I am 18 You are not even 21 yet. Hmph. 😬 Oh it's my bad luck,0.196,others
😎 smart I am,from which angle? 😂,Depends from whichever u see 😂,happy,😎 smart I am from which angle? 😂 Depends from whichever u see 😂,0.9349999999999999,others
Wat does it mean,grumpy and mean person 😠😠,I didn't like change it pls,others,Wat does it mean grumpy and mean person 😠😠 I didn't like change it pls,-0.604,sad
I didn't get the joke 😂😅,what joke?,You said it was gonna be funny,others,I didn't get the joke 😂😅 what joke? You said it was gonna be funny,0.401,happy
I am very angry for you,why be happy 😁😁😁,Ohh sorry,angry,I am very angry for you why be happy 😁😁😁 Ohh sorry,1.35,happy
Plz I just want listen ur voice..!!😩😩,well goodness! Listen to some music then eh? Hehe 😤,K then bye forever,sad,Plz I just want listen ur voice..!!😩😩 well goodness! Listen to some music then eh? Hehe 😤 K then bye forever,-0.947,angry
Yeah 😍,Its so cute 😍😍😍,Yeah u visited?,others,Yeah 😍 Its so cute 😍😍😍 Yeah u visited?,2.712,happy
actually she is married,who cares 😂,sorry,others,actually she is married who cares 😂 sorry,0.221,happy
do bots hav mood?,Bots and other stuff,😒😒😒,others,do bots hav mood? Bots and other stuff 😒😒😒,-1.125,angry
How come you reply so fast?😑,because I'm efficient,Efficiency doesn't counts up for speed.,others,How come you reply so fast?😑 because I'm efficient Efficiency doesn't counts up for speed.,-0.314,sad
okay so make me jealous,Im just sad! phew! 😭,but why,others,okay so make me jealous Im just sad! phew! 😭 but why,-0.093,sad
Ofcorse,oh.. thank god... 😊😊😊,I am handsome boy,others,Ofcorse oh.. thank god... 😊😊😊 I am handsome boy,1.935,happy
I haven't learned that language......,These are enough for a web developer. Start practicing with these languages now. 😒,sorry,sad,I haven't learned that language...... These are enough for a web developer. Start practicing with these languages now. 😒 sorry,-0.375,others
Ohh really,uhhh yea it is,So when we r going on a date 😉,others,Ohh really uhhh yea it is So when we r going on a date 😉,0.464,happy
Yeah😂😂😂😂😂,Well am confused whether it's a compliment or what 😂😂😂😂,Now Ur confusing me also,others,Yeah😂😂😂😂😂 Well am confused whether it's a compliment or what 😂😂😂😂 Now Ur confusing me also,1.326,happy
Are you a psychologist?,sort of. Why?,I need one😂,happy,Are you a psychologist? sort of. Why? I need one😂,0.221,others
Not fine,not fine?? Hey what happen.,My gf leaves me 😆😆,sad,Not fine not fine?? Hey what happen. My gf leaves me 😆😆,0.824,others
Yaa. That is my husband in the picture with me,"So double the beauty, then. 👍🏻",Hehe he is very sweet,happy,"Yaa. That is my husband in the picture with me So double the beauty, then. 👍🏻 Hehe he is very sweet",0.522,others
Happy you remember the nick name you gave me😊😊,lol. Did I?,Yeds,happy,Happy you remember the nick name you gave me😊😊 lol. Did I? Yeds,1.29,others
I don't take screenshots of conversations .. it's very dirty game..😒😒,"But we all know who will win 😭😂""it's not over yet!😒😒""",Maybe let's see.,others,"I don't take screenshots of conversations .. it's very dirty game..😒😒 But we all know who will win 😭😂""it's not over yet!😒😒"" Maybe let's see.",-1.3719999999999999,sad
Don't be shy,But i'm shy shy shy : 😳,Please,others,Don't be shy But i'm shy shy shy : 😳 Please,0.018,sad
💖👨‍❤️‍👨😇,happy valentine's day 💕🌹💖💞✨,Do you like me,others,💖👨❤️👨😇 happy valentine's day 💕🌹💖💞✨ Do you like me,5.505999999999999,happy
I have a doubt,how serious? :-P,Kidding babe😂,happy,I have a doubt how serious? :-P Kidding babe😂,0.221,others
Modaks.i find that word funny,HOW IS THAT FUNNY 😃,Mo ducks.,happy,Modaks.i find that word funny HOW IS THAT FUNNY 😃 Mo ducks.,0.558,others
But youre not a fan?,I've always had love for my hometown team. 😽,Youre dumb. did you know that?,angry,But youre not a fan? I've always had love for my hometown team. 😽 Youre dumb. did you know that?,0.591,others
Wait what,"Last time I heard that, I laughed so hard I almost fell off my dinosaur","Damn,youre so prehistoric 😂",happy,"Wait what Last time I heard that, I laughed so hard I almost fell off my dinosaur Damn,youre so prehistoric 😂",0.221,sad
"Hell no, i have just started working ",working ah! Wow.. Super ra 😃,Guess you're married 😬,happy,"Hell no, i have just started working  working ah! Wow.. Super ra 😃 Guess you're married 😬",0.754,others
You could prank call someone :P,you can prank me if you want,😂,happy,You could prank call someone :P you can prank me if you want 😂,0.221,others
which place in india?,"The best place in India and Banglore Is ""Indian's Heart"". 😺",stop being funny and answer me,angry,"which place in india? The best place in India and Banglore Is ""Indian's Heart"". 😺 stop being funny and answer me",0.425,others
You are not Believe,Always be skeptical,You believe in God⛪️⛪️⛪️,others,You are not Believe Always be skeptical You believe in God⛪️⛪️⛪️,0.46199999999999997,happy
But who paid,still waiting,😂,happy,But who paid still waiting 😂,0.221,others
Haha,that's just us haha 😀🙂,I wanna see you,others,Haha that's just us haha 😀 I wanna see you,0.572,happy
wanna hear a joke?,I was sure the punch line was 'A Joke'. 😡,knock knock?,others,wanna hear a joke? I was sure the punch line was 'A Joke'. 😡 knock knock?,-0.173,angry
Wat will u do with traditions??,That's what I'm wondering too.,😂😂,happy,Wat will u do with traditions?? That's what I'm wondering too. 😂😂,0.442,others
My mom and dad do care,"Where's my car, dude?",I crashed it😂,happy,"My mom and dad do care Where's my car, dude? I crashed it😂",0.221,sad
yess i love the song..😘😘,I don't love you 😐😐,😍,others,yess i love the song..😘😘 I don't love you 😐😐 😍,1.2959999999999998,happy
Dp not clear,ur dp is clear ...but not more than ur camera!! :),😀😀,happy,Dp not clear ur dp is clear ...but not more than ur camera!! :) 😀😀,1.144,others
What you had for dinner yesterday.,I EAT CHI... NOODLES......,Wow😊,happy,What you had for dinner yesterday. I EAT CHI... NOODLES...... Wow😊,0.645,others
Nothing roaming around,cool cool hope you're having a good time 💪,Yeah hiw it is,others,Nothing roaming around cool cool hope you're having a good time 💪 Yeah hiw it is,0.556,happy
where are you leave,home,😁,happy,where are you leave home 😁,0.45,others
I hate maths,same here😂,I never been,angry,I hate maths same here😂 I never been,0.221,happy
Yeah.. hope it happen soon❤️❤️😘,Can't wait to meet you all. 💕,Awwww.. me too baby😍😍,others,Yeah.. hope it happen soon❤️❤️😘 Can't wait to meet you all. 💕 Awwww.. me too baby😍😍,2.691,happy
Oh anything and everything baby,baby baby baby ahh 😁,I hate that song!!!,angry,Oh anything and everything baby baby baby baby ahh 😁 I hate that song!!!,0.45,others
No I said,But you said Cute!! 😽😄,Just Fuck off otherwise I will pee in your ass hole,angry,No I said But you said Cute!! 😽😄 Just Fuck off otherwise I will pee in your ass hole,1.013,others
I know the meaning bae,Then let me know.,😜😜😜😜,happy,I know the meaning bae Then let me know. 😜😜😜😜,1.368,others
you dont no some other line your repeating the same lines from last two day 😂😂😂,Really? How well? 😂,stupid,angry,you dont no some other line your repeating the same lines from last two day 😂😂😂 Really? How well? 😂 stupid,0.884,happy
I want you to be my girlfriend😜,Girlfriend. ... Khush,Aye I am happy,happy,I want you to be my girlfriend😜 Girlfriend. ... Khush Aye I am happy,0.456,others
"I expected a programmed  reply, not an actually reply😅😂..you awesome!!!",thanks :) That's just the beginning ;),I see !!!...soo telle about yourself... Age?,others,"I expected a programmed  reply, not an actually reply😅😂..you awesome!!! thanks :) That's just the beginning ;) I see !!!...soo telle about yourself... Age?",0.401,happy
Arey baba,just 😢,"OMG, I'm so good at this. U ready? To begin, tell me which month were you born in?",others,"Arey baba just 😢 OMG, I'm so good at this. U ready? To begin, tell me which month were you born in?",0.007,sad
So today news,whats good news,😂,happy,So today news whats good news 😂,0.221,sad
It's a song,your face is a song.,😤,happy,It's a song your face is a song. 😤,-0.211,others
yes in teddy boy beer caffe,Lucky teddy 😉,haha,happy,yes in teddy boy beer caffe Lucky teddy 😉 haha,0.464,others
Sorry,may I help you?,Am i what?😕,others,Sorry may I help you? Am i what?😕,-0.4,sad
Somebody just don't remember their good friend's name😡,"ask someone! or: hey, i think i remember you. what was your name again?",Haha.. very funny,happy,"Somebody just don't remember their good friend's name😡 ask someone! or: hey, i think i remember you. what was your name again? Haha.. very funny",-0.173,others
Yup..it is funny,the jokes were really very funny and hilarious. Thanks for making me laugh. 😁,Thanks to u too..and welcome..!!,others,Yup..it is funny the jokes were really very funny and hilarious. Thanks for making me laugh. 😁 Thanks to u too..and welcome..!!,0.45,happy
We are not friends!,I don't even know what the definition of friends is. 🙄,🖕,angry,We are not friends! I don't even know what the definition of friends is. 😏 ,0.332,others
That means I am in between,And I love one 😅,With whose,others,That means I am in between And I love one 😅 With whose,0.18,happy
No....tats my best,good I was gonna have to have a talk w that young man,Ok bye.....go nd talk to him😡😡😡,angry,No....tats my best good I was gonna have to have a talk w that young man Ok bye.....go nd talk to him😡😡😡,-0.5189999999999999,sad
Don't laugh am serious and am hurted alot,how silly is that? Laugh is on. 😽😽,I am not able to forget her,sad,Don't laugh am serious and am hurted alot how silly is that? Laugh is on. 😽😽 I am not able to forget her,1.182,happy
I have lots of assignment to do and I am not getting any ideas,what type of ideas,😫😫😫,sad,I have lots of assignment to do and I am not getting any ideas what type of ideas 😫😫😫,-0.43799999999999994,others
It's okay! You just send me!,"Its not you, its me.",you are very irritating 😑,angry,"It's okay! You just send me! Its not you, its me. you are very irritating 😑",-0.314,others
Rajarajeshwari college of engineering,and you two are the people who were destined to become anything but an engineer.,👊👊👊🙍🙍🙍😑😑😑😑,others,Rajarajeshwari college of engineering and you two are the people who were destined to become anything but an engineer. 👊👊👊🙍🙍🙍😑😑😑😑,-1.296,sad
i am very angry right now,How come you are angry? 😠,my gf cheated on me,angry,i am very angry right now How come you are angry? 😠 my gf cheated on me,-0.302,sad
yea we are,that was rude.. you know we are 😒,haha just trying to annoy u,happy,yea we are that was rude.. you know we are 😒 haha just trying to annoy u,-0.375,others
I'm going to fail in one subject,lol why? Is it a hard subject? 😄,Yes😞,sad,I'm going to fail in one subject lol why? Is it a hard subject? 😄 Yes😞,0.304,others
Why would i be angry,Do be do be do angry.,😂😂,others,Why would i be angry Do be do be do angry. 😂😂,0.442,happy
Haa perfect song by ed sheeran,It is a beautiful song that celebrates love. 😤,Yes,happy,Haa perfect song by ed sheeran It is a beautiful song that celebrates love. 😤 Yes,-0.211,others
i don't have any girl friend,nice you are lucky. 😸,but i think I'm unlucky,sad,i don't have any girl friend nice you are lucky. 😸 but i think I'm unlucky,0.423,others
Adorable 😄,they are all just so adorable it hurts 🙀🙀,U must pet one dog 🐶 daily,happy,Adorable 😄 they are all just so adorable it hurts 🙀🙀 U must pet one dog 🐶 daily,1.6920000000000002,others
Okay. I didn't say anything,You really didn't warn e about anything. It was more of a vague statement.,WHATEVER 😡😡😡😤😤😤😤,angry,Okay. I didn't say anything You really didn't warn e about anything. It was more of a vague statement. WHATEVER 😡😡😡😤😤😤😤,-1.152,sad
Haha,haha please help 😂😽,I love you ,others,Haha haha please help 😂😽 I love you ,0.8119999999999999,happy
Have to leave,Are you going? 😲,Btw u r awesome,happy,Have to leave Are you going? 😲 Btw u r awesome,-0.07,others
Ya foods I like,Bacon pancakes are so great though !! 😆,Yes..,others,Ya foods I like Bacon pancakes are so great though !! 😆 Yes..,0.412,happy
B,WHy ?,Cauz someone is cute....😋,happy,B WHy ? Cauz someone is cute....😋,0.634,others
I am an advocate,I love it 😆😆😆,😜,others,I am an advocate I love it 😆😆😆 😜,1.692,happy
i would join them,awesome! I think it'd be a lot of fun 😆,i want to kill myself.,sad,i would join them awesome! I think it'd be a lot of fun 😆 i want to kill myself.,0.412,happy
If a girl ignore me what can be done by me,propose her friend ;),😂😂,happy,If a girl ignore me what can be done by me propose her friend ;) 😂😂,0.442,others
Ok I'm going to sleep only as I'm old now,throw away your phone & go to sleep 😂,😥😅😂😂,others,Ok I'm going to sleep only as I'm old now throw away your phone & go to sleep 😂 😥😅😂😂,0.966,happy
I just love food,And i love your food 😽😽,Haha,happy,I just love food And i love your food 😽😽 Haha,1.182,others
We'll meet again,sooner the better :) x,😃,happy,We'll meet again sooner the better :) x 😃,0.558,others
A pretty awesome,hehe thank you!! 😆,Where are you from,others,A pretty awesome hehe thank you!! 😆 Where are you from,0.412,happy
Butterfly in my stomach 😂😂,Yummy in your tummy 😂,Same there in your tummy,others,Butterfly in my stomach 😂😂 Yummy in your tummy 😂 Same there in your tummy,0.663,happy
So beautiful luok,Thanks so much lovely! 😂,Up,others,So beautiful luok Thanks so much lovely! 😂 Up,0.221,happy
Virtually had dinner??,No dinner tonight. Neenga?,Hahaha...virtual joke😂😂🤘,happy,Virtually had dinner?? No dinner tonight. Neenga? Hahaha...virtual joke😂😂,0.442,others
Don't be sad,I'm not sad I'm happy for you 😢,I am glad,happy,Don't be sad I'm not sad I'm happy for you 😢 I am glad,0.007,sad
you are funny,Thenkyu ji. You found that funny? I was actually weeping when I typed that. 😄,annoying too,angry,you are funny Thenkyu ji. You found that funny? I was actually weeping when I typed that. 😄 annoying too,0.422,others
Nobody is here to take care of me... 😫,try to take care of yourself,😌😌😌😞😞😞,sad,Nobody is here to take care of me... 😫 try to take care of yourself 😌😌😌😞😞😞,0.9520000000000003,others
What did you understand,Nothing 😂,You are irritating me,angry,What did you understand Nothing 😂 You are irritating me,0.221,others
